[
    {
        "description": "Unique identifier for the device",
        "mode": "NULLABLE",
        "name": "bedw_deviceid",
        "type": "STRING"
    },
    {
        "description": "Total outage time in seconds",
        "mode": "NULLABLE",
        "name": "STB_outage_seconds",
        "type": "INT64"
    },
    {
        "description": "Total errored time in seconds",
        "mode": "NULLABLE",
        "name": "STB_errored_seconds",
        "type": "INT64"
    },
    {
        "description": "Total receiving time in seconds",
        "mode": "NULLABLE",
        "name": "STB_receiving_seconds",
        "type": "INT64"
    },
    {
        "description": "Video decoder errors (capped at 2147483647)",
        "mode": "NULLABLE",
        "name": "STB_video_decoder_errors",
        "type": "INT64"
    },
    {
        "description": "Reboot count of the STB",
        "mode": "NULLABLE",
        "name": "STB_reboot_count",
        "type": "INT64"
    },
    {
        "description": "Count of disconnects",
        "mode": "NULLABLE",
        "name": "STB_disconnect_count",
        "type": "INT64"
    },
    {
        "description": "Total tuner loss time in seconds",
        "mode": "NULLABLE",
        "name": "STB_tuner_total_loss_seconds",
        "type": "INT64"
    },
    {
        "description": "VOD playback error count",
        "mode": "NULLABLE",
        "name": "STB_vod_playback_error_count",
        "type": "INT64"
    },
    {
        "description": "VOD playback success count",
        "mode": "NULLABLE",
        "name": "STB_vod_playback_success_count",
        "type": "INT64"
    },
    {
        "description": "Receiver total AV underruns",
        "mode": "NULLABLE",
        "name": "STB_receiver_total_av_under_runs",
        "type": "INT64"
    },
    {
        "description": "Receiver audio decoder errors",
        "mode": "NULLABLE",
        "name": "STB_receiver_total_audio_decoder_errors",
        "type": "INT64"
    },
    {
        "description": "Receiver video decoder errors",
        "mode": "NULLABLE",
        "name": "STB_receiver_total_video_decoder_errors",
        "type": "INT64"
    },
    {
        "description": "Total receiver discontinuities",
        "mode": "NULLABLE",
        "name": "STB_receiver_total_discontinuities",
        "type": "INT64"
    },
    {
        "description": "Total packets with discontinuities",
        "mode": "NULLABLE",
        "name": "STB_receiver_total_discontinuities_packets",
        "type": "INT64"
    },
    {
        "description": "Tuner data timeouts",
        "mode": "NULLABLE",
        "name": "STB_tuner_total_data_timeouts",
        "type": "INT64"
    },
    {
        "description": "Tuner overflow reset times",
        "mode": "NULLABLE",
        "name": "STB_tuner_total_overflow_reset_times",
        "type": "INT64"
    },
    {
        "description": "Total tuner overflows reset",
        "mode": "NULLABLE",
        "name": "STB_tuner_total_overflow_reset",
        "type": "INT64"
    },
    {
        "description": "Full screen live packets received by the tuner",
        "mode": "NULLABLE",
        "name": "STB_tuner_total_full_screen_live_packets_received",
        "type": "INT64"
    },
    {
        "description": "Total tuner holes",
        "mode": "NULLABLE",
        "name": "STB_tuner_total_holes",
        "type": "INT64"
    },
    {
        "description": "Full screen hole packets in the tuner",
        "mode": "NULLABLE",
        "name": "STB_tuner_total_full_screen_hole_packets",
        "type": "INT64"
    },
    {
        "description": "Tuner packets that are too large",
        "mode": "NULLABLE",
        "name": "STB_tuner_total_hole_too_large_packets",
        "type": "INT64"
    },
    {
        "description": "Tuner packets without a session",
        "mode": "NULLABLE",
        "name": "STB_tuner_total_hole_without_session_packets",
        "type": "INT64"
    },
    {
        "description": "Total TCP retransmissions",
        "mode": "NULLABLE",
        "name": "STB_tuner_total_tcp_retransmissions",
        "type": "INT64"
    },
    {
        "description": "TCP reset connections",
        "mode": "NULLABLE",
        "name": "STB_tuner_total_tcp_reset_connections",
        "type": "INT64"
    },
    {
        "description": "Failed TCP attempts",
        "mode": "NULLABLE",
        "name": "STB_tuner_total_tcp_attempt_fails",
        "type": "INT64"
    },
    {
        "description": "Total tuner hole packets",
        "mode": "NULLABLE",
        "name": "STB_tuner_totalholepackets",
        "type": "INT64"
    },
    {
        "description": "Expired full screen live packets",
        "mode": "NULLABLE",
        "name": "STB_tuner_total_fullscreen_live_packets_expired",
        "type": "INT64"
    },
    {
        "description": "Total packets received by the tuner",
        "mode": "NULLABLE",
        "name": "STB_tuner_total_packets_received",
        "type": "INT64"
    },
    {
        "description": "Total video frames in the past",
        "mode": "NULLABLE",
        "name": "STB_receiver_total_video_frames_inpast",
        "type": "INT64"
    },
    {
        "description": "Minimum disk size in MB",
        "mode": "NULLABLE",
        "name": "STB_disksizeinmb_min",
        "type": "INT64"
    },
    {
        "description": "Total active STBs",
        "mode": "NULLABLE",
        "name": "STB_active_count",
        "type": "INT64"
    },
    {
        "description": "Total standby STBs",
        "mode": "NULLABLE",
        "name": "STB_standby_count",
        "type": "INT64"
    },
    {
        "description": "Total count of STBs",
        "mode": "NULLABLE",
        "name": "STB_total_count",
        "type": "INT64"
    },
    {
        "description": "Reboot count from the CSMF system",
        "mode": "NULLABLE",
        "name": "nbr_reboot_csmfii",
        "type": "INT64"
    },
    {
        "description": "Date key for the metrics",
        "mode": "REQUIRED",
        "name": "dt_skey",
        "type": "DATE"
    }
]
