[
  {
    "name": "month_skey",
    "mode": "REQUIRED",
    "type": "DATE"
  },
  {
    "name": "bcc",
    "mode": "NULLABLE",
    "type": "STRING"
  },
  {
    "name": "mm",
    "mode": "NULLABLE",
    "type": "STRING"
  },
  {
    "name": "yy",
    "mode": "NULLABLE",
    "type": "STRING"
  },
  {
    "name": "ATST",
    "mode": "NULLABLE",
    "type": "STRING"
  },
  {
    "name": "round_one_success_rate",
    "mode": "NULLABLE",
    "type": "FLOAT"
  },
  {
    "name": "first_attempt",
    "mode": "NULLABLE",
    "type": "RECORD",
    "fields": [
      {
        "name": "number_of_requests",
        "mode": "NULLABLE",
        "type": "INTEGER"
      },
      {
        "name": "total_count_of_successful_daily_records",
        "mode": "NULLABLE",
        "type": "INTEGER"
      },
      {
        "name": "total_volume_of_successful_daily_records",
        "mode": "NULLABLE",
        "type": "FLOAT"
      },
      {
        "name": "total_overage_successful_charge",
        "mode": "NULLABLE",
        "type": "FLOAT"
      },
      {
        "name": "total_count_of_failed_ccrs",
        "mode": "NULLABLE",
        "type": "INTEGER"
      },
      {
        "name": "total_volume_of_failed_ccrs",
        "mode": "NULLABLE",
        "type": "FLOAT"
      },
      {
        "name": "billed_rerate_success",
        "mode": "NULLABLE",
        "type": "INTEGER"
      },
      {
        "name": "billed_rerate_failure",
        "mode": "NULLABLE",
        "type": "INTEGER"
      },
      {
        "name": "reasons",
        "mode": "REPEATED",
        "type": "RECORD",
        "fields": [
          {
            "name": "reason",
            "mode": "NULLABLE",
            "type": "STRING"
          },
          {
            "name": "request_reason_counts",
            "mode": "NULLABLE",
            "type": "INTEGER"
          }
        ]
      }
    ]
  },
  {
    "name": "second_attempt",
    "mode": "NULLABLE",
    "type": "RECORD",
    "fields": [
      {
        "name": "number_of_requests",
        "mode": "NULLABLE",
        "type": "INTEGER"
      },
      {
        "name": "total_count_of_successful_daily_records",
        "mode": "NULLABLE",
        "type": "INTEGER"
      },
      {
        "name": "total_volume_of_successful_daily_records",
        "mode": "NULLABLE",
        "type": "FLOAT"
      },
      {
        "name": "total_overage_successful_charge",
        "mode": "NULLABLE",
        "type": "FLOAT"
      },
      {
        "name": "total_count_of_failed_ccrs",
        "mode": "NULLABLE",
        "type": "INTEGER"
      },
      {
        "name": "total_volume_of_failed_ccrs",
        "mode": "NULLABLE",
        "type": "FLOAT"
      },
      {
        "name": "billed_rerate_success",
        "mode": "NULLABLE",
        "type": "INTEGER"
      },
      {
        "name": "billed_rerate_failure",
        "mode": "NULLABLE",
        "type": "INTEGER"
      },
      {
        "name": "reasons",
        "mode": "REPEATED",
        "type": "RECORD",
        "fields": [
          {
            "name": "reason",
            "mode": "NULLABLE",
            "type": "STRING"
          },
          {
            "name": "request_reason_counts",
            "mode": "NULLABLE",
            "type": "INTEGER"
          }
        ]
      }
    ]
  }
]