[
  {
    "name": "dt_skey",
    "mode": "REQUIRED",
    "type": "DATE"
  },
  {
    "name": "ATST",
    "mode": "NULLABLE",
    "type": "STRING"
  },
  {
    "name": "usage_ingest_success_record_count",
    "mode": "NULLABLE",
    "type": "INTEGER"
  },
  {
    "name": "usage_ingest_success_byte_count",
    "mode": "NULLABLE",
    "type": "FLOAT"
  },
  {
    "name": "usage_ingest_failed_record_count",
    "mode": "NULLABLE",
    "type": "INTEGER"
  },
  {
    "name": "usage_ingest_failed_byte_count",
    "mode": "NULLABLE",
    "type": "FLOAT"
  },
  {
    "name": "uro_success_record_count",
    "mode": "NULLABLE",
    "type": "INTEGER"
  },
  {
    "name": "uro_success_byte_count",
    "mode": "NULLABLE",
    "type": "FLOAT"
  },
  {
    "name": "uro_partially_applied_record_count",
    "mode": "NULLABLE",
    "type": "INTEGER"
  },
  {
    "name": "uro_partially_applied_byte_count",
    "mode": "NULLABLE",
    "type": "FLOAT"
  },
  {
    "name": "uro_unapplied_record_count",
    "mode": "NULLABLE",
    "type": "INTEGER"
  },
  {
    "name": "uro_unapplied_byte_count",
    "mode": "NULLABLE",
    "type": "FLOAT"
  },
  {
    "name": "uro_failed_record_count",
    "mode": "NULLABLE",
    "type": "INTEGER"
  },
  {
    "name": "uro_failed_byte_count",
    "mode": "NULLABLE",
    "type": "FLOAT"
  },
  {
    "name": "uro_not_rated_record_count",
    "mode": "NULLABLE",
    "type": "INTEGER"
  },
  {
    "name": "uro_not_rated_byte_count",
    "mode": "NULLABLE",
    "type": "FLOAT"
  },
  {
    "name": "odf_rated_ccr_processed_record_count",
    "mode": "NULLABLE",
    "type": "INTEGER"
  },
  {
    "name": "odf_rated_ccr_processed_byte_count",
    "mode": "NULLABLE",
    "type": "FLOAT"
  },
  {
    "name": "odf_rated_ccr_skipped_record_count",
    "mode": "NULLABLE",
    "type": "INTEGER"
  },
  {
    "name": "odf_rated_ccr_skipped_byte_count",
    "mode": "NULLABLE",
    "type": "FLOAT"
  },
  {
    "name": "odf_rated_ccr_failed_record_count",
    "mode": "NULLABLE",
    "type": "INTEGER"
  },
  {
    "name": "odf_rated_ccr_failed_byte_count",
    "mode": "NULLABLE",
    "type": "FLOAT"
  },
  {
    "name": "odf_rated_ccr_late_record_count",
    "mode": "NULLABLE",
    "type": "INTEGER"
  },
  {
    "name": "odf_rated_ccr_late_byte_count",
    "mode": "NULLABLE",
    "type": "FLOAT"
  }
]