[
  {
    "name": "dt_skey",
    "mode": "REQUIRED",
    "type": "DATE"
  },
  {
    "name": "ecs_successful_sent_record_count",
    "mode": "NULLABLE",
    "type": "INTEGER"
  },
  {
    "name": "ecs_successful_sent_byte_count",
    "mode": "NULLABLE",
    "type": "FLOAT"
  },
  {
    "name": "cgf_successful_sent_record_count",
    "mode": "NULLABLE",
    "type": "INTEGER"
  },
  {
    "name": "cgf_successful_sent_byte_count",
    "mode": "NULLABLE",
    "type": "FLOAT"
  },
  {
    "name": "cgf_failed_sent_record_count",
    "mode": "NULLABLE",
    "type": "INTEGER"
  },
  {
    "name": "cgf_failed_sent_byte_count",
    "mode": "NULLABLE",
    "type": "FLOAT"
  }
]