[
  {
    "name": "dt_skey",
    "mode": "REQUIRED",
    "type": "DATE"
  },
  {
    "name": "rating_group",
    "mode": "NULLABLE",
    "type": "INTEGER"
  },
  {
    "name": "APN",
    "mode": "NULLABLE",
    "type": "STRING"
  },
  {
    "name": "cgf_freezone_ccr_count",
    "mode": "NULLABLE",
    "type": "INTEGER"
  },
  {
    "name": "cgf_freezone_byte_count",
    "mode": "NULLABLE",
    "type": "FLOAT"
  },
  {
    "name": "ATST",
    "mode": "NULLABLE",
    "type": "STRING"
  }
]