[
  {
    "name": "month_skey",
    "mode": "REQUIRED",
    "type": "DATE"
  },
  {
    "name": "bcc",
    "mode": "NULLABLE",
    "type": "STRING"
  },
  {
    "name": "mm",
    "mode": "NULLABLE",
    "type": "STRING"
  },
  {
    "name": "yy",
    "mode": "NULLABLE",
    "type": "STRING"
  },
  {
    "name": "ATST",
    "mode": "NULLABLE",
    "type": "STRING"
  },
  {
    "name": "usage_ingest_success_record_count",
    "mode": "NULLABLE",
    "type": "INTEGER"
  },
  {
    "name": "usage_ingest_success_byte_count",
    "mode": "NULLABLE",
    "type": "FLOAT"
  },
  {
    "name": "usage_ingest_failed_record_count",
    "mode": "NULLABLE",
    "type": "INTEGER"
  },
  {
    "name": "usage_ingest_failed_byte_count",
    "mode": "NULLABLE",
    "type": "FLOAT"
  },
  {
    "name": "uro_success_record_count",
    "mode": "NULLABLE",
    "type": "INTEGER"
  },
  {
    "name": "uro_success_byte_count",
    "mode": "NULLABLE",
    "type": "FLOAT"
  },
  {
    "name": "uro_partially_applied_record_count",
    "mode": "NULLABLE",
    "type": "INTEGER"
  },
  {
    "name": "uro_partially_applied_byte_count",
    "mode": "NULLABLE",
    "type": "FLOAT"
  },
  {
    "name": "uro_unapplied_record_count",
    "mode": "NULLABLE",
    "type": "INTEGER"
  },
  {
    "name": "uro_unapplied_byte_count",
    "mode": "NULLABLE",
    "type": "FLOAT"
  },
  {
    "name": "uro_failed_record_count",
    "mode": "NULLABLE",
    "type": "INTEGER"
  },
  {
    "name": "uro_failed_byte_count",
    "mode": "NULLABLE",
    "type": "FLOAT"
  },
  {
    "name": "uro_not_rated_record_count",
    "mode": "NULLABLE",
    "type": "INTEGER"
  },
  {
    "name": "uro_not_rated_byte_count",
    "mode": "NULLABLE",
    "type": "FLOAT"
  },
  {
    "name": "rerate_success_record_count",
    "mode": "NULLABLE",
    "type": "INTEGER"
  },
  {
    "name": "rerate_success_byte_count",
    "mode": "NULLABLE",
    "type": "FLOAT"
  },
  {
    "name": "rerate_partially_applied_record_count",
    "mode": "NULLABLE",
    "type": "INTEGER"
  },
  {
    "name": "rerate_partially_applied_byte_count",
    "mode": "NULLABLE",
    "type": "FLOAT"
  },
  {
    "name": "rerate_unapplied_record_count",
    "mode": "NULLABLE",
    "type": "INTEGER"
  },
  {
    "name": "rerate_unapplied_byte_count",
    "mode": "NULLABLE",
    "type": "FLOAT"
  },
  {
    "name": "rerate_failed_record_count",
    "mode": "NULLABLE",
    "type": "INTEGER"
  },
  {
    "name": "rerate_failed_byte_count",
    "mode": "NULLABLE",
    "type": "FLOAT"
  },
  {
    "name": "rerate_not_rated_record_count",
    "mode": "NULLABLE",
    "type": "INTEGER"
  },
  {
    "name": "rerate_not_rated_byte_count",
    "mode": "NULLABLE",
    "type": "FLOAT"
  },
  {
    "name": "odf_rated_ccr_received_record_count",
    "mode": "NULLABLE",
    "type": "INTEGER"
  },
  {
    "name": "odf_rated_ccr_received_byte_count",
    "mode": "NULLABLE",
    "type": "FLOAT"
  },
  {
    "name": "odf_rated_ccr_skipped_record_count",
    "mode": "NULLABLE",
    "type": "INTEGER"
  },
  {
    "name": "odf_rated_ccr_skipped_byte_count",
    "mode": "NULLABLE",
    "type": "FLOAT"
  },
  {
    "name": "odf_rated_ccr_failed_record_count",
    "mode": "NULLABLE",
    "type": "INTEGER"
  },
  {
    "name": "odf_rated_ccr_failed_byte_count",
    "mode": "NULLABLE",
    "type": "FLOAT"
  },
  {
    "name": "odf_rated_ccr_late_record_count",
    "mode": "NULLABLE",
    "type": "INTEGER"
  },
  {
    "name": "odf_rated_ccr_late_byte_count",
    "mode": "NULLABLE",
    "type": "FLOAT"
  },
  {
    "name": "odf_daily_aggregated_record_count",
    "mode": "NULLABLE",
    "type": "INTEGER"
  },
  {
    "name": "odf_daily_aggregated_byte_count",
    "mode": "NULLABLE",
    "type": "FLOAT"
  }
]