[
    {
      "name": "month_skey",
      "mode": "REQUIRED",
      "type": "DATE"
    },
    {
      "name": "bcc",
      "mode": "NULLABLE",
      "type": "STRING"
    },
    {
      "name": "mm",
      "mode": "NULLABLE",
      "type": "STRING"
    },
    {
      "name": "yy",
      "mode": "NULLABLE",
      "type": "STRING"
    },
    {
      "name": "ATST",
      "mode": "NULLABLE",
      "type": "STRING"
    },
    {
      "name": "chf_failed_ccr_count",
      "mode": "NULLABLE",
      "type": "INTEGER"
    },
    {
      "name": "chf_failed_ccr_volume",
      "mode": "NULLABLE",
      "type": "FLOAT"
    },
    {
      "name": "odf_failed_ccrs_count",
      "mode": "NULLABLE",
      "type": "INTEGER"
    },
    {
      "name": "odf_failed_ccrs_volume",
      "mode": "NULLABLE",
      "type": "FLOAT"
    },
    {
      "name": "odf_failed_ban_ccrs_count",
      "mode": "NULLABLE",
      "type": "INTEGER"
    },
    {
      "name": "odf_ban_failed_ccrs_volume",
      "mode": "NULLABLE",
      "type": "FLOAT"
    }
]