[
  {
    "name": "month_skey",
    "mode": "REQUIRED",
    "type": "DATE"
  },
  {
    "name": "bcc",
    "mode": "NULLABLE",
    "type": "STRING"
  },
  {
    "name": "mm",
    "mode": "NULLABLE",
    "type": "STRING"
  },
  {
    "name": "yy",
    "mode": "NULLABLE",
    "type": "STRING"
  },
  {
    "name": "ATST",
    "mode": "NULLABLE",
    "type": "STRING"
  },
  {
    "name": "total_bans_processed_by_odf",
    "mode": "NULLABLE",
    "type": "INTEGER"
  },
  {
    "name": "total_subscribers_processed_by_odf",
    "mode": "NULLABLE",
    "type": "INTEGER"
  },
  {
    "name": "total_count_of_daily_records",
    "mode": "NULLABLE",
    "type": "INTEGER"
  },
  {
    "name": "total_volume_of_daily_records",
    "mode": "NULLABLE",
    "type": "FLOAT"
  },
  {
    "name": "total_overage",
    "mode": "NULLABLE",
    "type": "FLOAT"
  },
  {
    "name": "total_bans_marked_as_failed_by_odf",
    "mode": "NULLABLE",
    "type": "INTEGER"
  },
  {
    "name": "total_subscribers_marked_failed_by_odf",
    "mode": "NULLABLE",
    "type": "INTEGER"
  },
  {
    "name": "total_count_of_ccrs_related_to_failed_ban",
    "mode": "NULLABLE",
    "type": "INTEGER"
  },
  {
    "name": "total_count_of_success_ccrs_related_to_failed_ban",
    "mode": "NULLABLE",
    "type": "INTEGER"
  },
  {
    "name": "total_count_of_partial_ccrs_related_to_failed_ban",
    "mode": "NULLABLE",
    "type": "INTEGER"
  },
  {
    "name": "total_count_of_failure_ccrs_related_to_failed_ban",
    "mode": "NULLABLE",
    "type": "INTEGER"
  },
  {
    "name": "total_volume_of_success_ccrs_related_to_failed_ban",
    "mode": "NULLABLE",
    "type": "FLOAT"
  },
  {
    "name": "total_volume_of_ccrs_related_to_failed_ban",
    "mode": "NULLABLE",
    "type": "FLOAT"
  },
  {
    "name": "total_volume_of_partial_ccrs_related_to_failed_ban",
    "mode": "NULLABLE",
    "type": "FLOAT"
  },
  {
    "name": "total_volume_of_failure_ccrs_related_to_failed_ban",
    "mode": "NULLABLE",
    "type": "FLOAT"
  },
  {
    "name": "rate_of_successful_bans",
    "mode": "NULLABLE",
    "type": "FLOAT"
  }
]