{
  "wnc_arc_que_ratedusages": {
    "partition_column": "month_skey",
    "partition_attribute": "getSubscriberBalancesResponse.account.nextBillCycleDate",
    "partition_value_type": "epoch",
    "partition_days_subtract": "1",
    "cluster_column": "reporting_date",
    "cluster_attribute": "usageDetails.startTime",
    "cluster_value_type": "epoch"
  },
  "wnc_odf_que_rated_ccrs_deduplicated": {
    "partition_column": "month_skey",
    "partition_attribute": "getSubscriberBalancesResponse.account.nextBillCycleDate",
    "partition_value_type": "epoch",
    "partition_days_subtract": "1",
    "cluster_column": "reporting_date",
    "cluster_attribute": "usageDetails.startTime",
    "cluster_value_type": "epoch"
  },
  "wnc_arc_que_billed_rated_usages": {
    "partition_column": "month_skey",
    "partition_attribute": "getSubscriberBalancesResponse.account.nextBillCycleDate",
    "partition_value_type": "epoch",
    "partition_days_subtract": "1"
  },
  "wnc_odf_que_billed_intake_reject_records": {
    "partition_column": "month_skey",
    "partition_attribute": "getSubscriberBalancesResponse.account.nextBillCycleDate",
    "partition_value_type": "epoch",
    "partition_days_subtract": "1"
  },
  "wnc_odf_que_intake_skipped_records": {
    "partition_column": "month_skey",
    "partition_attribute": "getSubscriberBalancesResponse.account.nextBillCycleDate",
    "partition_value_type": "epoch",
    "partition_days_subtract": "1",
    "cluster_column": "reporting_date",
    "cluster_attribute": "usageDetails.startTime",
    "cluster_value_type": "epoch"
  },
  "wnc_odf_que_intake_reject_records": {
    "partition_column": "month_skey",
    "partition_attribute": "getSubscriberBalancesResponse.account.nextBillCycleDate",
    "partition_value_type": "epoch",
    "partition_days_subtract": "1",
    "cluster_column": "reporting_date",
    "cluster_attribute": "usageDetails.startTime",
    "cluster_value_type": "epoch"
  },
  "wnc_odf_que_intake_late_usage_records": {
    "partition_column": "month_skey",
    "partition_attribute": "getSubscriberBalancesResponse.account.nextBillCycleDate",
    "partition_value_type": "epoch",
    "partition_days_subtract": "1",
    "cluster_column": "reporting_date",
    "cluster_attribute": "usageDetails.startTime",
    "cluster_value_type": "epoch"
  },
  "wnc_cgf_que_unrated_mapping": {
    "partition_column": "dt_skey",
    "partition_attribute": "startTime",
    "partition_value_type": "string",
    "partition_format": "yyyyMMddHHmmss"
  },
  "wnc_cgf_que_unrated_mapping_free_filter": {
    "partition_column": "dt_skey",
    "partition_attribute": "startTime",
    "partition_value_type": "string",
    "partition_format": "yyyyMMddHHmmss"
  },
  "wnc_cgf_que_unrated_mapping_error_records": {
    "partition_column": "dt_skey",
    "partition_attribute": "startTime",
    "partition_value_type": "string",
    "partition_format": "yyyyMMddHHmmss"
  },
  "wnc_odf_que_daily_summary": {
    "partition_column": "month_skey",
    "partition_attribute": "cycle_run_year|cycle_run_month",
    "partition_value_type": "string",
    "partition_format": "yyyy|MM",
    "partition_delimiter": "|"
  },
  "wnc_odf_que_au_aggr_record_type_1": {
    "partition_column": "month_skey",
    "partition_attribute": "cycle_run_year|cycle_run_month",
    "partition_value_type": "string",
    "partition_format": "yyyy|MM",
    "partition_delimiter": "|"
  },
  "wnc_odf_que_unique_reject_summary": {
    "partition_column": "month_skey",
    "partition_attribute": "cycle_run_year|cycle_run_month",
    "partition_value_type": "string",
    "partition_format": "yyyy|MM",
    "partition_delimiter": "|"
  },
  "wnc_odf_que_billed_daily_summary": {
    "partition_column": "month_skey",
    "partition_attribute": "cycle_run_year|cycle_run_month",
    "partition_value_type": "string",
    "partition_format": "yyyy|MM",
    "partition_delimiter": "|"
  },
  "wnc_odf_que_billed_unique_reject_summary": {
    "partition_column": "month_skey",
    "partition_attribute": "cycle_run_year|cycle_run_month",
    "partition_value_type": "string",
    "partition_format": "yyyy|MM",
    "partition_delimiter": "|"
  },
  "wnc_odf_que_billed_au_aggr_record_type_1": {
    "partition_column": "month_skey",
    "partition_attribute": "cycle_run_year|cycle_run_month",
    "partition_value_type": "string",
    "partition_format": "yyyy|MM",
    "partition_delimiter": "|"
  },
  "wnc_odf_que_partial_daily_summary": {
    "partition_column": "month_skey",
    "partition_attribute": "cycle_run_year|cycle_run_month",
    "partition_value_type": "string",
    "partition_format": "yyyy|MM",
    "partition_delimiter": "|"
  },
  "wnc_arc_que_billed_rerate_triggers": {
    "partition_column": "month_skey",
    "partition_attribute": "ImplBilledRerateReqRestOutput.baseOutput.arcCustDetail.cycleYear|ImplBilledRerateReqRestOutput.baseOutput.arcCustDetail.cycleMonth",
    "partition_value_type": "string",
    "partition_format": "yyyy|MM",
    "partition_delimiter": "|"
  }
}
