[
  {
    "name": "BAN",
    "mode": "NULLABLE",
    "type": "INTEGER"
  },
  {
    "name": "accountSubType",
    "mode": "NULLABLE",
    "type": "STRING"
  },
  {
    "name": "accountType",
    "mode": "NULLABLE",
    "type": "STRING"
  },
  {
    "name": "APN",
    "mode": "NULLABLE",
    "type": "STRING"
  },
  {
    "name": "billCycleCode",
    "mode": "NULLABLE",
    "type": "INTEGER"
  },
  {
    "name": "bucketCode",
    "mode": "NULLABLE",
    "type": "STRING"
  },
  {
    "name": "bytesIn",
    "mode": "NULLABLE",
    "type": "INTEGER"
  },
  {
    "name": "bytesOut",
    "mode": "NULLABLE",
    "type": "INTEGER"
  },
  {
    "name": "carrierGroupId",
    "mode": "NULLABLE",
    "type": "INTEGER"
  },
  {
    "name": "duration",
    "mode": "NULLABLE",
    "type": "INTEGER"
  },
  {
    "name": "endTime",
    "mode": "NULLABLE",
    "type": "STRING"
  },
  {
    "name": "externalSubId",
    "mode": "NULLABLE",
    "type": "STRING"
  },
  {
    "name": "featureCode",
    "mode": "NULLABLE",
    "type": "STRING"
  },
  {
    "name": "featureSeqID",
    "mode": "NULLABLE",
    "type": "STRING"
  },
  {
    "name": "firstMonthIndicator",
    "mode": "NULLABLE",
    "type": "INTEGER"
  },
  {
    "name": "ingested_on_lnd",
    "mode": "NULLABLE",
    "type": "STRING"
  },
  {
    "name": "hex_delta",
    "mode": "NULLABLE",
    "type": "STRING"
  },
  {
    "name": "IMEI",
    "mode": "NULLABLE",
    "type": "STRING"
  },
  {
    "name": "IMSI",
    "mode": "NULLABLE",
    "type": "STRING"
  },
  {
    "name": "partition_col_lnd",
    "mode": "NULLABLE",
    "type": "DATE"
  },
  {
    "name": "mccmnc",
    "mode": "NULLABLE",
    "type": "STRING"
  },
  {
    "name": "MDN",
    "mode": "NULLABLE",
    "type": "STRING"
  },
  {
    "name": "ratingGroup",
    "mode": "NULLABLE",
    "type": "INTEGER"
  },
  {
    "name": "dt_skey",
    "mode": "NULLABLE",
    "type": "DATE"
  },
  {
    "name": "roamingIndicator",
    "mode": "NULLABLE",
    "type": "STRING"
  },
  {
    "name": "sessionId",
    "mode": "NULLABLE",
    "type": "STRING"
  },
  {
    "name": "socId",
    "mode": "NULLABLE",
    "type": "STRING"
  },
  {
    "name": "startTime",
    "mode": "NULLABLE",
    "type": "STRING"
  },
  {
    "name": "startUDR",
    "mode": "NULLABLE",
    "type": "STRING"
  },
  {
    "name": "subscriberType",
    "mode": "NULLABLE",
    "type": "INTEGER"
  },
  {
    "name": "transactionType",
    "mode": "NULLABLE",
    "type": "STRING"
  },
  {
    "name": "usageType",
    "mode": "NULLABLE",
    "type": "STRING"
  },
  {
    "name": "xCorrelationId",
    "mode": "NULLABLE",
    "type": "STRING"
  },
  {
    "name": "ingested_on",
    "mode": "NULLABLE",
    "type": "TIMESTAMP"
  }
]