[
  {
    "name": "ImplBilledRerateReqRestOutput",
    "mode": "NULLABLE",
    "type": "RECORD",
    "fields": [
      {
        "name": "baseOutput",
        "mode": "NULLABLE",
        "type": "RECORD",
        "fields": [
          {
            "name": "arcCustDetail",
            "mode": "NULLABLE",
            "type": "RECORD",
            "fields": [
              {
                "name": "accPostalCode",
                "mode": "NULLABLE",
                "type": "STRING"
              },
              {
                "name": "accSubType",
                "mode": "NULLABLE",
                "type": "STRING"
              },
              {
                "name": "accType",
                "mode": "NULLABLE",
                "type": "STRING"
              },
              {
                "name": "ban",
                "mode": "NULLABLE",
                "type": "STRING"
              },
              {
                "name": "billCycle",
                "mode": "NULLABLE",
                "type": "INTEGER"
              },
              {
                "name": "billCycleBillDay",
                "mode": "NULLABLE",
                "type": "STRING"
              },
              {
                "name": "billNextCycEffDate",
                "mode": "REQUIRED",
                "type": "INTEGER"
              },
              {
                "name": "billNextCycle",
                "mode": "NULLABLE",
                "type": "INTEGER"
              },
              {
                "name": "billPeriodEdDate",
                "mode": "REQUIRED",
                "type": "INTEGER"
              },
              {
                "name": "billPeriodStDate",
                "mode": "REQUIRED",
                "type": "INTEGER"
              },
              {
                "name": "cycleCode",
                "mode": "NULLABLE",
                "type": "INTEGER"
              },
              {
                "name": "cycleMonth",
                "mode": "NULLABLE",
                "type": "INTEGER"
              },
              {
                "name": "cycleYear",
                "mode": "NULLABLE",
                "type": "INTEGER"
              },
              {
                "name": "homeProvince",
                "mode": "NULLABLE",
                "type": "STRING"
              },
              {
                "name": "prepaidInd",
                "mode": "NULLABLE",
                "type": "STRING"
              },
              {
                "name": "siOwner",
                "mode": "NULLABLE",
                "type": "STRING"
              }
            ]
          },
          {
            "name": "arcCustProfileDetail",
            "mode": "REPEATED",
            "type": "RECORD",
            "fields": [
              {
                "name": "featureCode",
                "mode": "NULLABLE",
                "type": "STRING"
              },
              {
                "name": "featureEffDate",
                "mode": "REQUIRED",
                "type": "INTEGER"
              },
              {
                "name": "featureEffRsnCode",
                "mode": "NULLABLE",
                "type": "STRING"
              },
              {
                "name": "featureExpDate",
                "mode": "REQUIRED",
                "type": "INTEGER"
              },
              {
                "name": "featureExpRsnCode",
                "mode": "NULLABLE",
                "type": "STRING"
              },
              {
                "name": "fmType",
                "mode": "NULLABLE",
                "type": "STRING"
              },
              {
                "name": "groupShareCode",
                "mode": "NULLABLE",
                "type": "STRING"
              },
              {
                "name": "imAllowed",
                "mode": "NULLABLE",
                "type": "FLOAT"
              },
              {
                "name": "origSubscriber",
                "mode": "NULLABLE",
                "type": "STRING"
              },
              {
                "name": "prorFactor",
                "mode": "NULLABLE",
                "type": "FLOAT"
              },
              {
                "name": "serviceFtrQuantity",
                "mode": "NULLABLE",
                "type": "FLOAT"
              },
              {
                "name": "serviceFtrSeqNo",
                "mode": "NULLABLE",
                "type": "STRING"
              },
              {
                "name": "serviceType",
                "mode": "NULLABLE",
                "type": "STRING"
              },
              {
                "name": "soc",
                "mode": "NULLABLE",
                "type": "STRING"
              },
              {
                "name": "socSeqNo",
                "mode": "NULLABLE",
                "type": "STRING"
              },
              {
                "name": "subscriberNo",
                "mode": "NULLABLE",
                "type": "STRING"
              },
              {
                "name": "usgDependCd",
                "mode": "NULLABLE",
                "type": "STRING"
              }
            ]
          },
          {
            "name": "arcNm1RequestDetail",
            "mode": "NULLABLE",
            "type": "RECORD",
            "fields": [
              {
                "name": "ban",
                "mode": "NULLABLE",
                "type": "STRING"
              },
              {
                "name": "batchRunId",
                "mode": "NULLABLE",
                "type": "STRING"
              },
              {
                "name": "billedRerateCounter",
                "mode": "NULLABLE",
                "type": "INTEGER"
              },
              {
                "name": "callOrigin",
                "mode": "NULLABLE",
                "type": "STRING"
              },
              {
                "name": "errMsgList",
                "mode": "REPEATED",
                "type": "RECORD",
                "fields": [
                  {
                    "name": "errMsgText",
                    "mode": "NULLABLE",
                    "type": "STRING"
                  }
                ]
              },
              {
                "name": "requestDate",
                "mode": "REQUIRED",
                "type": "INTEGER"
              },
              {
                "name": "requestType",
                "mode": "NULLABLE",
                "type": "STRING"
              }
            ]
          },
          {
            "name": "arcSubDetail",
            "mode": "REPEATED",
            "type": "RECORD",
            "fields": [
              {
                "name": "effDate",
                "mode": "REQUIRED",
                "type": "INTEGER"
              },
              {
                "name": "expDate",
                "mode": "REQUIRED",
                "type": "INTEGER"
              },
              {
                "name": "imsi",
                "mode": "NULLABLE",
                "type": "STRING"
              },
              {
                "name": "initActvDate",
                "mode": "REQUIRED",
                "type": "INTEGER"
              },
              {
                "name": "mdn",
                "mode": "NULLABLE",
                "type": "STRING"
              },
              {
                "name": "networkType",
                "mode": "NULLABLE",
                "type": "STRING"
              },
              {
                "name": "primeSubNo",
                "mode": "NULLABLE",
                "type": "STRING"
              },
              {
                "name": "productType",
                "mode": "NULLABLE",
                "type": "STRING"
              },
              {
                "name": "subStatus",
                "mode": "NULLABLE",
                "type": "STRING"
              },
              {
                "name": "subStatusRsnCode",
                "mode": "NULLABLE",
                "type": "STRING"
              },
              {
                "name": "subscriberNo",
                "mode": "NULLABLE",
                "type": "STRING"
              },
              {
                "name": "telcoId",
                "mode": "NULLABLE",
                "type": "STRING"
              },
              {
                "name": "unitEsn",
                "mode": "NULLABLE",
                "type": "STRING"
              }
            ]
          }
        ]
      }
    ]
  },
  {
    "name": "month_skey",
    "mode": "REQUIRED",
    "type": "DATE"
  },
  {
    "name": "ingested_on",
    "type": "TIMESTAMP",
    "mode": "REQUIRED"
  }
]