[
  {
    "name": "xCorrelationId",
    "mode": "REQUIRED",
    "type": "STRING"
  },
  {
    "name": "ratingStartTime",
    "mode": "REQUIRED",
    "type": "INTEGER"
  },
  {
    "name": "rerateVersion",
    "mode": "NULLABLE",
    "type": "INTEGER"
  },
  {
    "name": "lastRerateTimestamp",
    "mode": "NULLABLE",
    "type": "INTEGER"
  },
  {
    "name": "schemaVersion",
    "mode": "REQUIRED",
    "type": "STRING"
  },
  {
    "name": "source",
    "mode": "REQUIRED",
    "type": "STRING"
  },
  {
    "name": "RatingStatus",
    "mode": "REQUIRED",
    "type": "STRING"
  },
  {
    "name": "error",
    "mode": "NULLABLE",
    "type": "STRING"
  },
  {
    "name": "usageDetails",
    "mode": "REQUIRED",
    "type": "RECORD",
    "fields": [
      {
        "name": "sessionId",
        "mode": "REQUIRED",
        "type": "STRING"
      },
      {
        "name": "apn",
        "mode": "REQUIRED",
        "type": "STRING"
      },
      {
        "name": "ratingGroup",
        "mode": "REQUIRED",
        "type": "INTEGER"
      },
      {
        "name": "imsi",
        "mode": "REQUIRED",
        "type": "STRING"
      },
      {
        "name": "startTime",
        "mode": "REQUIRED",
        "type": "INTEGER"
      },
      {
        "name": "endTime",
        "mode": "REQUIRED",
        "type": "INTEGER"
      },
      {
        "name": "udrStartTime",
        "mode": "REQUIRED",
        "type": "INTEGER"
      },
      {
        "name": "roamingIndicator",
        "mode": "REQUIRED",
        "type": "STRING"
      },
      {
        "name": "bytesIn",
        "mode": "REQUIRED",
        "type": "INTEGER"
      },
      {
        "name": "bytesOut",
        "mode": "REQUIRED",
        "type": "INTEGER"
      },
      {
        "name": "carrierGroupId",
        "mode": "NULLABLE",
        "type": "INTEGER"
      },
      {
        "name": "xCorrelationId",
        "mode": "REQUIRED",
        "type": "STRING"
      },
      {
        "name": "ban",
        "mode": "REQUIRED",
        "type": "STRING"
      },
      {
        "name": "subscriberId",
        "mode": "REQUIRED",
        "type": "STRING"
      },
      {
        "name": "usageType",
        "mode": "NULLABLE",
        "type": "STRING"
      },
      {
        "name": "imei",
        "mode": "NULLABLE",
        "type": "STRING"
      },
      {
        "name": "msisdn",
        "mode": "REQUIRED",
        "type": "STRING"
      },
      {
        "name": "mccmnc",
        "mode": "REQUIRED",
        "type": "STRING"
      },
      {
        "name": "acctProvince",
        "mode": "REQUIRED",
        "type": "STRING"
      },
      {
        "name": "subMarketId",
        "mode": "REQUIRED",
        "type": "STRING"
      }
    ]
  },
  {
    "name": "getSubscriberBalancesResponse",
    "mode": "NULLABLE",
    "type": "RECORD",
    "fields": [
      {
        "name": "account",
        "mode": "NULLABLE",
        "type": "RECORD",
        "fields": [
          {
            "name": "ban",
            "mode": "REQUIRED",
            "type": "STRING"
          },
          {
            "name": "billStartDate",
            "mode": "REQUIRED",
            "type": "INTEGER"
          },
          {
            "name": "nextBillCycleDate",
            "mode": "REQUIRED",
            "type": "INTEGER"
          },
          {
            "name": "accountType",
            "mode": "NULLABLE",
            "type": "STRING"
          },
          {
            "name": "accountSubType",
            "mode": "NULLABLE",
            "type": "STRING"
          },
          {
            "name": "carrierId",
            "mode": "REQUIRED",
            "type": "STRING"
          },
          {
            "name": "banLevelCost",
            "mode": "NULLABLE",
            "type": "FLOAT"
          },
          {
            "name": "bcc",
            "mode": "NULLABLE",
            "type": "STRING"
          },
          {
            "name": "acctProvince",
            "mode": "NULLABLE",
            "type": "STRING"
          }
        ]
      },
      {
        "name": "subscriber",
        "mode": "NULLABLE",
        "type": "RECORD",
        "fields": [
          {
            "name": "balances",
            "mode": "REPEATED",
            "type": "RECORD",
            "fields": [
              {
                "name": "balanceId",
                "mode": "REQUIRED",
                "type": "STRING"
              },
              {
                "name": "purseId",
                "mode": "REQUIRED",
                "type": "STRING"
              },
              {
                "name": "balanceType",
                "mode": "REQUIRED",
                "type": "STRING"
              },
              {
                "name": "initialBalance",
                "mode": "REQUIRED",
                "type": "INTEGER"
              },
              {
                "name": "balanceAmount",
                "mode": "REQUIRED",
                "type": "INTEGER"
              },
              {
                "name": "balanceAvailable",
                "mode": "REQUIRED",
                "type": "INTEGER"
              },
              {
                "name": "creditLimit",
                "mode": "NULLABLE",
                "type": "INTEGER"
              },
              {
                "name": "unitType",
                "mode": "NULLABLE",
                "type": "STRING"
              },
              {
                "name": "subscriptionId",
                "mode": "NULLABLE",
                "type": "STRING"
              },
              {
                "name": "effectiveDate",
                "mode": "NULLABLE",
                "type": "INTEGER"
              },
              {
                "name": "expiryDate",
                "mode": "NULLABLE",
                "type": "INTEGER"
              },
              {
                "name": "balanceChecksum",
                "mode": "NULLABLE",
                "type": "INTEGER"
              },
              {
                "name": "offerId",
                "mode": "NULLABLE",
                "type": "STRING"
              }
            ]
          },
          {
            "name": "groupIds",
            "mode": "REPEATED",
            "type": "STRING"
          },
          {
            "name": "subscriptions",
            "mode": "REPEATED",
            "type": "RECORD",
            "fields": [
              {
                "name": "subscriptionId",
                "mode": "NULLABLE",
                "type": "STRING"
              },
              {
                "name": "offerId",
                "mode": "NULLABLE",
                "type": "STRING"
              },
              {
                "name": "creationDate",
                "mode": "NULLABLE",
                "type": "INTEGER"
              },
              {
                "name": "effectiveDate",
                "mode": "NULLABLE",
                "type": "INTEGER"
              },
              {
                "name": "expiryDate",
                "mode": "NULLABLE",
                "type": "INTEGER"
              },
              {
                "name": "offerName",
                "mode": "NULLABLE",
                "type": "STRING"
              },
              {
                "name": "offerDisplayName",
                "mode": "NULLABLE",
                "type": "STRING"
              },
              {
                "name": "entitlements",
                "mode": "REPEATED",
                "type": "RECORD",
                "fields": [
                  {
                    "name": "entitlementName",
                    "mode": "NULLABLE",
                    "type": "STRING"
                  },
                  {
                    "name": "entitlementSize",
                    "mode": "REQUIRED",
                    "type": "INTEGER"
                  },
                  {
                    "name": "entitlementBalanceImpact",
                    "mode": "REPEATED",
                    "type": "RECORD",
                    "fields": [
                      {
                        "name": "name",
                        "mode": "NULLABLE",
                        "type": "STRING"
                      },
                      {
                        "name": "balanceImpactType",
                        "mode": "NULLABLE",
                        "type": "STRING"
                      },
                      {
                        "name": "thresholdSchemes",
                        "mode": "REPEATED",
                        "type": "RECORD",
                        "fields": [
                          {
                            "name": "name",
                            "mode": "NULLABLE",
                            "type": "STRING"
                          },
                          {
                            "name": "thresholdUnitType",
                            "mode": "NULLABLE",
                            "type": "STRING"
                          },
                          {
                            "name": "thresholdTypes",
                            "mode": "REPEATED",
                            "type": "RECORD",
                            "fields": [
                              {
                                "name": "name",
                                "mode": "NULLABLE",
                                "type": "STRING"
                              },
                              {
                                "name": "value",
                                "mode": "NULLABLE",
                                "type": "STRING"
                              }
                            ]
                          }
                        ]
                      }
                    ]
                  }
                ]
              },
              {
                "name": "overridePriority",
                "mode": "NULLABLE",
                "type": "STRING"
              },
              {
                "name": "firstMonthProrationFactor",
                "mode": "NULLABLE",
                "type": "FLOAT"
              },
              {
                "name": "subscriberId",
                "mode": "NULLABLE",
                "type": "STRING"
              },
              {
                "name": "firstMonthStartDate",
                "mode": "NULLABLE",
                "type": "INTEGER"
              },
              {
                "name": "firstMonthEndDate",
                "mode": "NULLABLE",
                "type": "INTEGER"
              },
              {
                "name": "priority",
                "mode": "NULLABLE",
                "type": "INTEGER"
              },
              {
                "name": "fmType",
                "mode": "NULLABLE",
                "type": "STRING"
              }
            ]
          },
          {
            "name": "msisdn",
            "mode": "NULLABLE",
            "type": "STRING"
          },
          {
            "name": "imei",
            "mode": "NULLABLE",
            "type": "STRING"
          },
          {
            "name": "imsi",
            "mode": "NULLABLE",
            "type": "STRING"
          },
          {
            "name": "groups",
            "mode": "REPEATED",
            "type": "RECORD",
            "fields": [
              {
                "name": "members",
                "mode": "REPEATED",
                "type": "STRING"
              },
              {
                "name": "partialCycleFlagRaw",
                "mode": "NULLABLE",
                "type": "BOOLEAN"
              },
              {
                "name": "initialSize",
                "mode": "NULLABLE",
                "type": "INTEGER"
              },
              {
                "name": "initialSizeSource",
                "mode": "NULLABLE",
                "type": "STRING"
              },
              {
                "name": "subscriptions",
                "mode": "REPEATED",
                "type": "RECORD",
                "fields": [
                  {
                    "name": "subscriptionId",
                    "mode": "NULLABLE",
                    "type": "STRING"
                  },
                  {
                    "name": "offerId",
                    "mode": "NULLABLE",
                    "type": "STRING"
                  },
                  {
                    "name": "creationDate",
                    "mode": "NULLABLE",
                    "type": "INTEGER"
                  },
                  {
                    "name": "effectiveDate",
                    "mode": "NULLABLE",
                    "type": "INTEGER"
                  },
                  {
                    "name": "expiryDate",
                    "mode": "NULLABLE",
                    "type": "INTEGER"
                  },
                  {
                    "name": "offerName",
                    "mode": "NULLABLE",
                    "type": "STRING"
                  },
                  {
                    "name": "offerDisplayName",
                    "mode": "NULLABLE",
                    "type": "STRING"
                  },
                  {
                    "name": "entitlements",
                    "mode": "REPEATED",
                    "type": "RECORD",
                    "fields": [
                      {
                        "name": "entitlementName",
                        "mode": "NULLABLE",
                        "type": "STRING"
                      },
                      {
                        "name": "entitlementSize",
                        "mode": "REQUIRED",
                        "type": "INTEGER"
                      },
                      {
                        "name": "entitlementBalanceImpact",
                        "mode": "REPEATED",
                        "type": "RECORD",
                        "fields": [
                          {
                            "name": "name",
                            "mode": "NULLABLE",
                            "type": "STRING"
                          },
                          {
                            "name": "balanceImpactType",
                            "mode": "NULLABLE",
                            "type": "STRING"
                          },
                          {
                            "name": "thresholdSchemes",
                            "mode": "REPEATED",
                            "type": "RECORD",
                            "fields": [
                              {
                                "name": "name",
                                "mode": "NULLABLE",
                                "type": "STRING"
                              },
                              {
                                "name": "thresholdUnitType",
                                "mode": "NULLABLE",
                                "type": "STRING"
                              },
                              {
                                "name": "thresholdTypes",
                                "mode": "REPEATED",
                                "type": "RECORD",
                                "fields": [
                                  {
                                    "name": "name",
                                    "mode": "NULLABLE",
                                    "type": "STRING"
                                  },
                                  {
                                    "name": "value",
                                    "mode": "NULLABLE",
                                    "type": "STRING"
                                  }
                                ]
                              }
                            ]
                          }
                        ]
                      }
                    ]
                  },
                  {
                    "name": "overridePriority",
                    "mode": "NULLABLE",
                    "type": "STRING"
                  },
                  {
                    "name": "firstMonthProrationFactor",
                    "mode": "NULLABLE",
                    "type": "FLOAT"
                  },
                  {
                    "name": "subscriberId",
                    "mode": "NULLABLE",
                    "type": "STRING"
                  },
                  {
                    "name": "firstMonthStartDate",
                    "mode": "NULLABLE",
                    "type": "INTEGER"
                  },
                  {
                    "name": "firstMonthEndDate",
                    "mode": "NULLABLE",
                    "type": "INTEGER"
                  },
                  {
                    "name": "priority",
                    "mode": "NULLABLE",
                    "type": "INTEGER"
                  },
                  {
                    "name": "fmType",
                    "mode": "NULLABLE",
                    "type": "STRING"
                  }
                ]
              },
              {
                "name": "balances",
                "mode": "REPEATED",
                "type": "RECORD",
                "fields": [
                  {
                    "name": "balanceId",
                    "mode": "REQUIRED",
                    "type": "STRING"
                  },
                  {
                    "name": "purseId",
                    "mode": "REQUIRED",
                    "type": "STRING"
                  },
                  {
                    "name": "balanceType",
                    "mode": "REQUIRED",
                    "type": "STRING"
                  },
                  {
                    "name": "initialBalance",
                    "mode": "REQUIRED",
                    "type": "INTEGER"
                  },
                  {
                    "name": "balanceAmount",
                    "mode": "REQUIRED",
                    "type": "INTEGER"
                  },
                  {
                    "name": "balanceAvailable",
                    "mode": "REQUIRED",
                    "type": "INTEGER"
                  },
                  {
                    "name": "creditLimit",
                    "mode": "NULLABLE",
                    "type": "INTEGER"
                  },
                  {
                    "name": "unitType",
                    "mode": "NULLABLE",
                    "type": "STRING"
                  },
                  {
                    "name": "subscriptionId",
                    "mode": "NULLABLE",
                    "type": "STRING"
                  },
                  {
                    "name": "effectiveDate",
                    "mode": "NULLABLE",
                    "type": "INTEGER"
                  },
                  {
                    "name": "expiryDate",
                    "mode": "NULLABLE",
                    "type": "INTEGER"
                  },
                  {
                    "name": "balanceChecksum",
                    "mode": "NULLABLE",
                    "type": "INTEGER"
                  },
                  {
                    "name": "offerId",
                    "mode": "NULLABLE",
                    "type": "STRING"
                  }
                ]
              },
              {
                "name": "id",
                "mode": "NULLABLE",
                "type": "STRING"
              },
              {
                "name": "creationDate",
                "mode": "NULLABLE",
                "type": "INTEGER"
              },
              {
                "name": "currentState",
                "mode": "NULLABLE",
                "type": "STRING"
              },
              {
                "name": "previousState",
                "mode": "NULLABLE",
                "type": "STRING"
              }
            ]
          },
          {
            "name": "partialCycleFlagRaw",
            "mode": "NULLABLE",
            "type": "BOOLEAN"
          },
          {
            "name": "paymentIndicator",
            "mode": "NULLABLE",
            "type": "STRING"
          },
          {
            "name": "id",
            "mode": "NULLABLE",
            "type": "STRING"
          },
          {
            "name": "currentState",
            "mode": "NULLABLE",
            "type": "STRING"
          },
          {
            "name": "networkType",
            "mode": "NULLABLE",
            "type": "STRING"
          },
          {
            "name": "language",
            "mode": "NULLABLE",
            "type": "STRING"
          },
          {
            "name": "serviceIntegrator",
            "mode": "NULLABLE",
            "type": "STRING"
          }
        ]
      }
    ]
  },
  {
    "name": "ocrtOutput",
    "mode": "NULLABLE",
    "type": "RECORD",
    "fields": [
      {
        "name": "usageBalanceImpacts",
        "mode": "REPEATED",
        "type": "RECORD",
        "fields": [
          {
            "name": "offerName",
            "mode": "REQUIRED",
            "type": "STRING"
          },
          {
            "name": "entitlementName",
            "mode": "REQUIRED",
            "type": "STRING"
          },
          {
            "name": "impactType",
            "mode": "REQUIRED",
            "type": "STRING"
          },
          {
            "name": "balanceType",
            "mode": "REQUIRED",
            "type": "STRING"
          },
          {
            "name": "balanceId",
            "mode": "REQUIRED",
            "type": "STRING"
          },
          {
            "name": "balanceGroupId",
            "mode": "NULLABLE",
            "type": "STRING"
          },
          {
            "name": "amount",
            "mode": "NULLABLE",
            "type": "INTEGER"
          },
          {
            "name": "cycleStartDate",
            "mode": "NULLABLE",
            "type": "INTEGER"
          },
          {
            "name": "cycleEndDate",
            "mode": "NULLABLE",
            "type": "INTEGER"
          },
          {
            "name": "serviceUnitAmount",
            "mode": "REQUIRED",
            "type": "INTEGER"
          },
          {
            "name": "matchedFilterDetails",
            "mode": "REPEATED",
            "type": "RECORD",
            "fields": [
              {
                "name": "filterDetail",
                "mode": "REQUIRED",
                "type": "RECORD",
                "fields": [
                  {
                    "name": "apn",
                    "mode": "REPEATED",
                    "type": "STRING"
                  },
                  {
                    "name": "ratingGroup",
                    "mode": "REQUIRED",
                    "type": "INTEGER"
                  }
                ]
              },
              {
                "name": "entitlementType",
                "mode": "REQUIRED",
                "type": "STRING"
              }
            ]
          },
          {
            "name": "serviceUnitRoundedAmount",
            "mode": "NULLABLE",
            "type": "INTEGER"
          },
          {
            "name": "subscriptionId",
            "mode": "NULLABLE",
            "type": "STRING"
          }
        ]
      },
      {
        "name": "usageNotApplied",
        "mode": "REPEATED",
        "type": "RECORD",
        "fields": [
          {
            "name": "usageKey",
            "mode": "REQUIRED",
            "type": "STRING"
          },
          {
            "name": "usedServiceUnits",
            "mode": "REQUIRED",
            "type": "INTEGER"
          }
        ]
      },
      {
        "name": "thresholdBreaches",
        "mode": "REPEATED",
        "type": "RECORD",
        "fields": [
          {
            "name": "offerName",
            "mode": "NULLABLE",
            "type": "STRING"
          },
          {
            "name": "entitlementName",
            "mode": "NULLABLE",
            "type": "STRING"
          },
          {
            "name": "absoluteThreshold",
            "mode": "NULLABLE",
            "type": "STRING"
          },
          {
            "name": "relativeThreshold",
            "mode": "NULLABLE",
            "type": "INTEGER"
          },
          {
            "name": "thresholdName",
            "mode": "NULLABLE",
            "type": "STRING"
          },
          {
            "name": "notificationTemplate",
            "mode": "NULLABLE",
            "type": "STRING"
          },
          {
            "name": "cycleEndDate",
            "mode": "NULLABLE",
            "type": "INTEGER"
          },
          {
            "name": "entitlementSize",
            "mode": "NULLABLE",
            "type": "STRING"
          },
          {
            "name": "usageAmount",
            "mode": "NULLABLE",
            "type": "STRING"
          },
          {
            "name": "remainingQuota",
            "mode": "NULLABLE",
            "type": "STRING"
          },
          {
            "name": "balanceId",
            "mode": "NULLABLE",
            "type": "STRING"
          },
          {
            "name": "balanceGroupId",
            "mode": "NULLABLE",
            "type": "STRING"
          },
          {
            "name": "subscriptionId",
            "mode": "NULLABLE",
            "type": "STRING"
          },
          {
            "name": "offerId",
            "mode": "NULLABLE",
            "type": "INTEGER"
          }
        ]
      },
      {
        "name": "balanceStates",
        "mode": "REPEATED",
        "type": "RECORD",
        "fields": [
          {
            "name": "offerName",
            "mode": "NULLABLE",
            "type": "STRING"
          },
          {
            "name": "offerId",
            "mode": "NULLABLE",
            "type": "INTEGER"
          },
          {
            "name": "entitlementName",
            "mode": "NULLABLE",
            "type": "STRING"
          },
          {
            "name": "balanceId",
            "mode": "NULLABLE",
            "type": "STRING"
          },
          {
            "name": "balanceType",
            "mode": "NULLABLE",
            "type": "STRING"
          },
          {
            "name": "value",
            "mode": "NULLABLE",
            "type": "INTEGER"
          },
          {
            "name": "usagePercent",
            "mode": "NULLABLE",
            "type": "INTEGER"
          },
          {
            "name": "priority",
            "mode": "NULLABLE",
            "type": "INTEGER"
          },
          {
            "name": "policyCounter",
            "mode": "NULLABLE",
            "type": "STRING"
          },
          {
            "name": "balanceState",
            "mode": "NULLABLE",
            "type": "STRING"
          },
          {
            "name": "outOfQuotaAction",
            "mode": "NULLABLE",
            "type": "STRING"
          },
          {
            "name": "billCycleAlignedFlag",
            "mode": "NULLABLE",
            "type": "BOOLEAN"
          }
        ]
      }
    ]
  },
  {
    "name": "month_skey",
    "mode": "REQUIRED",
    "type": "DATE"
  },
  {
    "name": "reporting_date",
    "mode": "REQUIRED",
    "type": "DATE"
  },
  {
    "name": "ingested_on",
    "type": "TIMESTAMP",
    "mode": "REQUIRED"
  }
]