[
  {
    "name": "ban",
    "mode": "NULLABLE",
    "type": "STRING"
  },
  {
    "name": "cycle_code",
    "mode": "NULLABLE",
    "type": "STRING"
  },
  {
    "name": "cycle_run_year",
    "mode": "NULLABLE",
    "type": "STRING"
  },
  {
    "name": "cycle_run_month",
    "mode": "NULLABLE",
    "type": "STRING"
  },
  {
    "name": "subscriber_no",
    "mode": "NULLABLE",
    "type": "STRING"
  },
  {
    "name": "rerate_version",
    "mode": "NULLABLE",
    "type": "INTEGER"
  },
  {
    "name": "_error",
    "mode": "REPEATED",
    "type": "STRING"
  },
  {
    "name": "_metric",
    "mode": "REPEATED",
    "type": "RECORD",
    "fields": [
      {
        "name": "key",
        "mode": "REQUIRED",
        "type": "STRING"
      },
      {
        "name": "value",
        "mode": "REQUIRED",
        "type": "STRING"
      }
    ]
  },
  {
    "name": "month_skey",
    "mode": "REQUIRED",
    "type": "DATE"
  },
  {
    "name": "ingested_on",
    "type": "TIMESTAMP",
    "mode": "REQUIRED"
  }
]