[
  {
    "name": "xCorrelationId",
    "mode": "NULLABLE",
    "type": "STRING"
  },
  {
    "name": "startUDR",
    "mode": "NULLABLE",
    "type": "STRING"
  },
  {
    "name": "recordOpeningTime",
    "mode": "NULLABLE",
    "type": "INTEGER"
  },
  {
    "name": "duration",
    "mode": "NULLABLE",
    "type": "INTEGER"
  },
  {
    "name": "endTime",
    "mode": "NULLABLE",
    "type": "STRING"
  },
  {
    "name": "recordSequenceNumber",
    "mode": "NULLABLE",
    "type": "INTEGER"
  },
  {
    "name": "mdn",
    "mode": "NULLABLE",
    "type": "STRING"
  },
  {
    "name": "imsi",
    "mode": "NULLABLE",
    "type": "STRING"
  },
  {
    "name": "ratingGroup",
    "mode": "NULLABLE",
    "type": "INTEGER"
  },
  {
    "name": "payZoneInd",
    "mode": "NULLABLE",
    "type": "INTEGER"
  },
  {
    "name": "payZone",
    "mode": "NULLABLE",
    "type": "STRING"
  },
  {
    "name": "payZoneFilter",
    "mode": "NULLABLE",
    "type": "STRING"
  },
  {
    "name": "imei",
    "mode": "NULLABLE",
    "type": "STRING"
  },
  {
    "name": "APN",
    "mode": "NULLABLE",
    "type": "STRING"
  },
  {
    "name": "ratTypeString",
    "mode": "NULLABLE",
    "type": "STRING"
  },
  {
    "name": "ratTypeNumber",
    "mode": "NULLABLE",
    "type": "INTEGER"
  },
  {
    "name": "userIp",
    "mode": "NULLABLE",
    "type": "STRING"
  },
  {
    "name": "userIpV6",
    "mode": "NULLABLE",
    "type": "STRING"
  },
  {
    "name": "sessionId",
    "mode": "NULLABLE",
    "type": "INTEGER"
  },
  {
    "name": "chargingId",
    "mode": "NULLABLE",
    "type": "INTEGER"
  },
  {
    "name": "startTime",
    "mode": "NULLABLE",
    "type": "STRING"
  },
  {
    "name": "sessionCnPlmn",
    "mode": "NULLABLE",
    "type": "STRING"
  },
  {
    "name": "roamingIndicator",
    "mode": "NULLABLE",
    "type": "STRING"
  },
  {
    "name": "roamingZone",
    "mode": "NULLABLE",
    "type": "STRING"
  },
  {
    "name": "locationTac",
    "mode": "NULLABLE",
    "type": "STRING"
  },
  {
    "name": "locationNcgi",
    "mode": "NULLABLE",
    "type": "STRING"
  },
  {
    "name": "locationUeTimeZone",
    "mode": "NULLABLE",
    "type": "STRING"
  },
  {
    "name": "totalVolume",
    "mode": "NULLABLE",
    "type": "INTEGER"
  },
  {
    "name": "bytesOut",
    "mode": "NULLABLE",
    "type": "INTEGER"
  },
  {
    "name": "bytesIn",
    "mode": "NULLABLE",
    "type": "INTEGER"
  },
  {
    "name": "transactionType",
    "mode": "NULLABLE",
    "type": "STRING"
  },
  {
    "name": "networkTriggerType",
    "mode": "NULLABLE",
    "type": "STRING"
  },
  {
    "name": "qosId",
    "mode": "NULLABLE",
    "type": "STRING"
  },
  {
    "name": "qos5qi",
    "mode": "NULLABLE",
    "type": "INTEGER"
  },
  {
    "name": "sliceId",
    "mode": "NULLABLE",
    "type": "INTEGER"
  },
  {
    "name": "sliceServiceDifferentiator",
    "mode": "NULLABLE",
    "type": "STRING"
  },
  {
    "name": "nfIp",
    "mode": "NULLABLE",
    "type": "STRING"
  },
  {
    "name": "nfPlmnId",
    "mode": "NULLABLE",
    "type": "STRING"
  },
  {
    "name": "nfFqdn",
    "mode": "NULLABLE",
    "type": "STRING"
  },
  {
    "name": "servingNodeIp",
    "mode": "NULLABLE",
    "type": "STRING"
  },
  {
    "name": "servingNodePlmn",
    "mode": "NULLABLE",
    "type": "STRING"
  },
  {
    "name": "presenceReportingAreaInformation",
    "mode": "REPEATED",
    "type": "RECORD",
    "fields": [
      {
        "name": "key",
        "mode": "REQUIRED",
        "type": "STRING"
      },
      {
        "name": "value",
        "mode": "REQUIRED",
        "type": "RECORD",
        "fields": [
          {
            "name": "praId",
            "mode": "NULLABLE",
            "type": "STRING"
          },
          {
            "name": "presenceState",
            "mode": "NULLABLE",
            "type": "STRING"
          },
          {
            "name": "trackingAreaList",
            "mode": "REPEATED",
            "type": "RECORD",
            "fields": [
              {
                "name": "plmnId",
                "mode": "NULLABLE",
                "type": "RECORD",
                "fields": [
                  {
                    "name": "mcc",
                    "mode": "NULLABLE",
                    "type": "STRING"
                  },
                  {
                    "name": "mnc",
                    "mode": "NULLABLE",
                    "type": "STRING"
                  }
                ]
              },
              {
                "name": "tac",
                "mode": "NULLABLE",
                "type": "STRING"
              }
            ]
          },
          {
            "name": "ecgiList",
            "mode": "REPEATED",
            "type": "RECORD",
            "fields": [
              {
                "name": "plmnId",
                "mode": "NULLABLE",
                "type": "RECORD",
                "fields": [
                  {
                    "name": "mcc",
                    "mode": "NULLABLE",
                    "type": "STRING"
                  },
                  {
                    "name": "mnc",
                    "mode": "NULLABLE",
                    "type": "STRING"
                  }
                ]
              },
              {
                "name": "eutraCellId",
                "mode": "NULLABLE",
                "type": "STRING"
              }
            ]
          },
          {
            "name": "ncgiList",
            "mode": "REPEATED",
            "type": "RECORD",
            "fields": [
              {
                "name": "plmnId",
                "mode": "NULLABLE",
                "type": "RECORD",
                "fields": [
                  {
                    "name": "mcc",
                    "mode": "NULLABLE",
                    "type": "STRING"
                  },
                  {
                    "name": "mnc",
                    "mode": "NULLABLE",
                    "type": "STRING"
                  }
                ]
              },
              {
                "name": "nrCellId",
                "mode": "NULLABLE",
                "type": "STRING"
              }
            ]
          },
          {
            "name": "globalRanNodeIdList",
            "mode": "REPEATED",
            "type": "RECORD",
            "fields": [
              {
                "name": "plmnId",
                "mode": "NULLABLE",
                "type": "RECORD",
                "fields": [
                  {
                    "name": "mcc",
                    "mode": "NULLABLE",
                    "type": "STRING"
                  },
                  {
                    "name": "mnc",
                    "mode": "NULLABLE",
                    "type": "STRING"
                  }
                ]
              },
              {
                "name": "n3IwfId",
                "mode": "NULLABLE",
                "type": "STRING"
              },
              {
                "name": "gNbId",
                "mode": "NULLABLE",
                "type": "RECORD",
                "fields": [
                  {
                    "name": "bitLength",
                    "mode": "NULLABLE",
                    "type": "INTEGER"
                  },
                  {
                    "name": "gNBValue",
                    "mode": "NULLABLE",
                    "type": "STRING"
                  }
                ]
              },
              {
                "name": "ngeNbId",
                "mode": "NULLABLE",
                "type": "STRING"
              }
            ]
          }
        ]
      }
    ]
  },
  {
    "name": "traceId",
    "mode": "NULLABLE",
    "type": "STRING"
  },
  {
    "name": "_missing_values",
    "mode": "REPEATED",
    "type": "STRING"
  },
  {
    "name": "_intake_starttime",
    "mode": "NULLABLE",
    "type": "INTEGER"
  },
  {
    "name": "_intake_endtime",
    "mode": "NULLABLE",
    "type": "INTEGER"
  },
  {
    "name": "_output_starttime",
    "mode": "NULLABLE",
    "type": "INTEGER"
  },
  {
    "name": "_output_endtime",
    "mode": "NULLABLE",
    "type": "INTEGER"
  },
  {
    "name": "_process_count",
    "mode": "NULLABLE",
    "type": "INTEGER"
  },
  {
    "name": "dt_skey",
    "mode": "REQUIRED",
    "type": "DATE"
  },
  {
    "name": "ingested_on",
    "type": "TIMESTAMP",
    "mode": "REQUIRED"
  }
]