[
  {
    "name": "acctProvince",
    "mode": "NULLABLE",
    "type": "STRING"
  },
  {
    "name": "APN",
    "mode": "NULLABLE",
    "type": "STRING"
  },
  {
    "name": "ban",
    "mode": "NULLABLE",
    "type": "STRING"
  },
  {
    "name": "bytesIn",
    "mode": "NULLABLE",
    "type": "INTEGER"
  },
  {
    "name": "bytesOut",
    "mode": "NULLABLE",
    "type": "INTEGER"
  },
  {
    "name": "carrierGroupId",
    "mode": "NULLABLE",
    "type": "INTEGER"
  },
  {
    "name": "createdDate",
    "mode": "NULLABLE",
    "type": "STRING"
  },
  {
    "name": "endTime",
    "mode": "NULLABLE",
    "type": "STRING"
  },
  {
    "name": "hex_delta",
    "mode": "NULLABLE",
    "type": "STRING"
  },
  {
    "name": "imei",
    "mode": "NULLABLE",
    "type": "STRING"
  },
  {
    "name": "ingested_on_lnd",
    "mode": "NULLABLE",
    "type": "STRING"
  },
  {
    "name": "IMSI",
    "mode": "NULLABLE",
    "type": "STRING"
  },
  {
    "name": "partition_col_lnd",
    "mode": "NULLABLE",
    "type": "DATE"
  },
  {
    "name": "mccmnc",
    "mode": "NULLABLE",
    "type": "STRING"
  },
  {
    "name": "msisdn",
    "mode": "NULLABLE",
    "type": "STRING"
  },
  {
    "name": "ratingGroup",
    "mode": "NULLABLE",
    "type": "INTEGER"
  },
  {
    "name": "dt_skey",
    "mode": "NULLABLE",
    "type": "DATE"
  },
  {
    "name": "roamingIndicator",
    "mode": "NULLABLE",
    "type": "STRING"
  },
  {
    "name": "sessionId",
    "mode": "NULLABLE",
    "type": "STRING"
  },
  {
    "name": "startTime",
    "mode": "NULLABLE",
    "type": "STRING"
  },
  {
    "name": "startUDR",
    "mode": "NULLABLE",
    "type": "STRING"
  },
  {
    "name": "subMarketId",
    "mode": "NULLABLE",
    "type": "STRING"
  },
  {
    "name": "subscriberId",
    "mode": "NULLABLE",
    "type": "STRING"
  },
  {
    "name": "usageType",
    "mode": "NULLABLE",
    "type": "STRING"
  },
  {
    "name": "xCorrelationId",
    "mode": "NULLABLE",
    "type": "STRING"
  },
  {
    "name": "ingested_on",
    "mode": "NULLABLE",
    "type": "TIMESTAMP"
  }
]