[
  {
    "name": "ban",
    "mode": "NULLABLE",
    "type": "STRING"
  },
  {
    "name": "bill_seq_no",
    "mode": "NULLABLE",
    "type": "STRING"
  },
  {
    "name": "record_type",
    "mode": "NULLABLE",
    "type": "STRING"
  },
  {
    "name": "subscriber_no",
    "mode": "NULLABLE",
    "type": "STRING"
  },
  {
    "name": "airtime_feature_cd",
    "mode": "NULLABLE",
    "type": "STRING"
  },
  {
    "name": "service_ftr_seq_no",
    "mode": "NULLABLE",
    "type": "STRING"
  },
  {
    "name": "secondary_feature_cd",
    "mode": "NULLABLE",
    "type": "STRING"
  },
  {
    "name": "action_direction_cd",
    "mode": "NULLABLE",
    "type": "STRING"
  },
  {
    "name": "extended_hm_area_ind",
    "mode": "NULLABLE",
    "type": "STRING"
  },
  {
    "name": "step_no",
    "mode": "NULLABLE",
    "type": "STRING"
  },
  {
    "name": "sys_creation_date",
    "mode": "NULLABLE",
    "type": "STRING"
  },
  {
    "name": "sys_update_date",
    "mode": "NULLABLE",
    "type": "STRING"
  },
  {
    "name": "operator_id",
    "mode": "NULLABLE",
    "type": "STRING"
  },
  {
    "name": "application_id",
    "mode": "NULLABLE",
    "type": "STRING"
  },
  {
    "name": "dl_service_code",
    "mode": "NULLABLE",
    "type": "STRING"
  },
  {
    "name": "group_id",
    "mode": "NULLABLE",
    "type": "STRING"
  },
  {
    "name": "dl_update_stamp",
    "mode": "NULLABLE",
    "type": "STRING"
  },
  {
    "name": "au_seq_no",
    "mode": "NULLABLE",
    "type": "STRING"
  },
  {
    "name": "au_summary_required",
    "mode": "NULLABLE",
    "type": "STRING"
  },
  {
    "name": "air_record_type",
    "mode": "NULLABLE",
    "type": "STRING"
  },
  {
    "name": "soc",
    "mode": "NULLABLE",
    "type": "STRING"
  },
  {
    "name": "soc_effective_date",
    "mode": "NULLABLE",
    "type": "STRING"
  },
  {
    "name": "rating_eff_date",
    "mode": "NULLABLE",
    "type": "STRING"
  },
  {
    "name": "price_plan_code",
    "mode": "NULLABLE",
    "type": "STRING"
  },
  {
    "name": "rating_level_code",
    "mode": "NULLABLE",
    "type": "STRING"
  },
  {
    "name": "last_call_seizure_dt",
    "mode": "NULLABLE",
    "type": "STRING"
  },
  {
    "name": "last_im_call_dt",
    "mode": "NULLABLE",
    "type": "STRING"
  },
  {
    "name": "im_allocation_ind",
    "mode": "NULLABLE",
    "type": "STRING"
  },
  {
    "name": "proration_factor",
    "mode": "NULLABLE",
    "type": "STRING"
  },
  {
    "name": "rerate_request_cd",
    "mode": "NULLABLE",
    "type": "STRING"
  },
  {
    "name": "rerate_result_cd",
    "mode": "NULLABLE",
    "type": "STRING"
  },
  {
    "name": "rerate_date",
    "mode": "NULLABLE",
    "type": "STRING"
  },
  {
    "name": "tier_no_prd_1",
    "mode": "NULLABLE",
    "type": "STRING"
  },
  {
    "name": "tier_no_prd_2",
    "mode": "NULLABLE",
    "type": "STRING"
  },
  {
    "name": "tier_no_prd_3",
    "mode": "NULLABLE",
    "type": "STRING"
  },
  {
    "name": "tier_no_prd_4",
    "mode": "NULLABLE",
    "type": "STRING"
  },
  {
    "name": "tier_no_prd_5",
    "mode": "NULLABLE",
    "type": "STRING"
  },
  {
    "name": "tier_no_prd_6",
    "mode": "NULLABLE",
    "type": "STRING"
  },
  {
    "name": "tier_no_combd",
    "mode": "NULLABLE",
    "type": "STRING"
  },
  {
    "name": "im_allowed_prd_1",
    "mode": "NULLABLE",
    "type": "STRING"
  },
  {
    "name": "im_allowed_prd_2",
    "mode": "NULLABLE",
    "type": "STRING"
  },
  {
    "name": "im_allowed_prd_3",
    "mode": "NULLABLE",
    "type": "STRING"
  },
  {
    "name": "im_allowed_prd_4",
    "mode": "NULLABLE",
    "type": "STRING"
  },
  {
    "name": "im_allowed_prd_5",
    "mode": "NULLABLE",
    "type": "STRING"
  },
  {
    "name": "im_allowed_prd_6",
    "mode": "NULLABLE",
    "type": "STRING"
  },
  {
    "name": "im_allowed_combd",
    "mode": "NULLABLE",
    "type": "FLOAT"
  },
  {
    "name": "ctn_im_used_prd_1",
    "mode": "NULLABLE",
    "type": "STRING"
  },
  {
    "name": "ctn_im_used_prd_2",
    "mode": "NULLABLE",
    "type": "STRING"
  },
  {
    "name": "ctn_im_used_prd_3",
    "mode": "NULLABLE",
    "type": "STRING"
  },
  {
    "name": "ctn_im_used_prd_4",
    "mode": "NULLABLE",
    "type": "STRING"
  },
  {
    "name": "ctn_im_used_prd_5",
    "mode": "NULLABLE",
    "type": "STRING"
  },
  {
    "name": "ctn_im_used_prd_6",
    "mode": "NULLABLE",
    "type": "STRING"
  },
  {
    "name": "ctn_im_used_combd",
    "mode": "NULLABLE",
    "type": "FLOAT"
  },
  {
    "name": "ctn_mins_prd_1",
    "mode": "NULLABLE",
    "type": "STRING"
  },
  {
    "name": "ctn_mins_prd_2",
    "mode": "NULLABLE",
    "type": "STRING"
  },
  {
    "name": "ctn_mins_prd_3",
    "mode": "NULLABLE",
    "type": "STRING"
  },
  {
    "name": "ctn_mins_prd_4",
    "mode": "NULLABLE",
    "type": "STRING"
  },
  {
    "name": "ctn_mins_prd_5",
    "mode": "NULLABLE",
    "type": "STRING"
  },
  {
    "name": "ctn_mins_prd_6",
    "mode": "NULLABLE",
    "type": "STRING"
  },
  {
    "name": "ctn_mins",
    "mode": "NULLABLE",
    "type": "FLOAT"
  },
  {
    "name": "ctn_mins_no_air",
    "mode": "NULLABLE",
    "type": "STRING"
  },
  {
    "name": "num_of_calls_prd_1",
    "mode": "NULLABLE",
    "type": "STRING"
  },
  {
    "name": "num_of_calls_prd_2",
    "mode": "NULLABLE",
    "type": "STRING"
  },
  {
    "name": "num_of_calls_prd_3",
    "mode": "NULLABLE",
    "type": "STRING"
  },
  {
    "name": "num_of_calls_prd_4",
    "mode": "NULLABLE",
    "type": "STRING"
  },
  {
    "name": "num_of_calls_prd_5",
    "mode": "NULLABLE",
    "type": "STRING"
  },
  {
    "name": "num_of_calls_prd_6",
    "mode": "NULLABLE",
    "type": "STRING"
  },
  {
    "name": "num_of_calls",
    "mode": "NULLABLE",
    "type": "STRING"
  },
  {
    "name": "num_of_free_air_calls",
    "mode": "NULLABLE",
    "type": "STRING"
  },
  {
    "name": "num_of_no_air_calls",
    "mode": "NULLABLE",
    "type": "STRING"
  },
  {
    "name": "chrg_incl_im_prd_1",
    "mode": "NULLABLE",
    "type": "STRING"
  },
  {
    "name": "chrg_incl_im_prd_2",
    "mode": "NULLABLE",
    "type": "STRING"
  },
  {
    "name": "chrg_incl_im_prd_3",
    "mode": "NULLABLE",
    "type": "STRING"
  },
  {
    "name": "chrg_incl_im_prd_4",
    "mode": "NULLABLE",
    "type": "STRING"
  },
  {
    "name": "chrg_incl_im_prd_5",
    "mode": "NULLABLE",
    "type": "STRING"
  },
  {
    "name": "chrg_incl_im_prd_6",
    "mode": "NULLABLE",
    "type": "STRING"
  },
  {
    "name": "chrg_amt_prd_1",
    "mode": "NULLABLE",
    "type": "STRING"
  },
  {
    "name": "chrg_amt_prd_2",
    "mode": "NULLABLE",
    "type": "STRING"
  },
  {
    "name": "chrg_amt_prd_3",
    "mode": "NULLABLE",
    "type": "STRING"
  },
  {
    "name": "chrg_amt_prd_4",
    "mode": "NULLABLE",
    "type": "STRING"
  },
  {
    "name": "chrg_amt_prd_5",
    "mode": "NULLABLE",
    "type": "STRING"
  },
  {
    "name": "chrg_amt_prd_6",
    "mode": "NULLABLE",
    "type": "STRING"
  },
  {
    "name": "chrg_amt",
    "mode": "NULLABLE",
    "type": "FLOAT"
  },
  {
    "name": "rm_orig_chrg",
    "mode": "NULLABLE",
    "type": "STRING"
  },
  {
    "name": "rm_orig_tax_amt",
    "mode": "NULLABLE",
    "type": "STRING"
  },
  {
    "name": "soc_seq_no",
    "mode": "NULLABLE",
    "type": "STRING"
  },
  {
    "name": "icc_num_of_calls",
    "mode": "NULLABLE",
    "type": "STRING"
  },
  {
    "name": "icc_mins",
    "mode": "NULLABLE",
    "type": "STRING"
  },
  {
    "name": "last_rerate_date",
    "mode": "NULLABLE",
    "type": "STRING"
  },
  {
    "name": "rate_group",
    "mode": "NULLABLE",
    "type": "STRING"
  },
  {
    "name": "estbl_num_of_calls",
    "mode": "NULLABLE",
    "type": "STRING"
  },
  {
    "name": "base_record_ind",
    "mode": "NULLABLE",
    "type": "STRING"
  },
  {
    "name": "ctn_fm_used_prd_1",
    "mode": "NULLABLE",
    "type": "STRING"
  },
  {
    "name": "ctn_fm_used_prd_2",
    "mode": "NULLABLE",
    "type": "STRING"
  },
  {
    "name": "ctn_fm_used_prd_3",
    "mode": "NULLABLE",
    "type": "STRING"
  },
  {
    "name": "ctn_fm_used_prd_4",
    "mode": "NULLABLE",
    "type": "STRING"
  },
  {
    "name": "ctn_fm_used_prd_5",
    "mode": "NULLABLE",
    "type": "STRING"
  },
  {
    "name": "ctn_fm_used_prd_6",
    "mode": "NULLABLE",
    "type": "STRING"
  },
  {
    "name": "ctn_fm_used_combd",
    "mode": "NULLABLE",
    "type": "STRING"
  },
  {
    "name": "free_min_used_prd_1",
    "mode": "NULLABLE",
    "type": "STRING"
  },
  {
    "name": "free_min_used_prd_2",
    "mode": "NULLABLE",
    "type": "STRING"
  },
  {
    "name": "free_min_used_prd_3",
    "mode": "NULLABLE",
    "type": "STRING"
  },
  {
    "name": "free_min_used_prd_4",
    "mode": "NULLABLE",
    "type": "STRING"
  },
  {
    "name": "free_min_used_prd_5",
    "mode": "NULLABLE",
    "type": "STRING"
  },
  {
    "name": "free_min_used_prd_6",
    "mode": "NULLABLE",
    "type": "STRING"
  },
  {
    "name": "free_min_used_combd",
    "mode": "NULLABLE",
    "type": "FLOAT"
  },
  {
    "name": "expiration_date",
    "mode": "NULLABLE",
    "type": "STRING"
  },
  {
    "name": "fm_type",
    "mode": "NULLABLE",
    "type": "STRING"
  },
  {
    "name": "calling_route_type",
    "mode": "NULLABLE",
    "type": "STRING"
  },
  {
    "name": "unit_measur_code",
    "mode": "NULLABLE",
    "type": "STRING"
  },
  {
    "name": "product_type",
    "mode": "NULLABLE",
    "type": "STRING"
  },
  {
    "name": "hst_taxbl_amt",
    "mode": "NULLABLE",
    "type": "STRING"
  },
  {
    "name": "gst_taxbl_amt",
    "mode": "NULLABLE",
    "type": "STRING"
  },
  {
    "name": "toll_max_amt_tod1",
    "mode": "NULLABLE",
    "type": "STRING"
  },
  {
    "name": "toll_max_amt_tod2",
    "mode": "NULLABLE",
    "type": "STRING"
  },
  {
    "name": "toll_max_amt_tod3",
    "mode": "NULLABLE",
    "type": "STRING"
  },
  {
    "name": "toll_max_amt_tod4",
    "mode": "NULLABLE",
    "type": "STRING"
  },
  {
    "name": "toll_max_amt_tod5",
    "mode": "NULLABLE",
    "type": "STRING"
  },
  {
    "name": "toll_max_amt_tod6",
    "mode": "NULLABLE",
    "type": "STRING"
  },
  {
    "name": "no_of_pst_prov",
    "mode": "NULLABLE",
    "type": "STRING"
  },
  {
    "name": "pst_province_code1",
    "mode": "NULLABLE",
    "type": "STRING"
  },
  {
    "name": "pst_province_code2",
    "mode": "NULLABLE",
    "type": "STRING"
  },
  {
    "name": "pst_province_code3",
    "mode": "NULLABLE",
    "type": "STRING"
  },
  {
    "name": "pst_province_code4",
    "mode": "NULLABLE",
    "type": "STRING"
  },
  {
    "name": "pst_province_code5",
    "mode": "NULLABLE",
    "type": "STRING"
  },
  {
    "name": "pst_province_code6",
    "mode": "NULLABLE",
    "type": "STRING"
  },
  {
    "name": "orig_pst_taxbl_amt1",
    "mode": "NULLABLE",
    "type": "STRING"
  },
  {
    "name": "orig_pst_taxbl_amt2",
    "mode": "NULLABLE",
    "type": "STRING"
  },
  {
    "name": "orig_pst_taxbl_amt3",
    "mode": "NULLABLE",
    "type": "STRING"
  },
  {
    "name": "orig_pst_taxbl_amt4",
    "mode": "NULLABLE",
    "type": "STRING"
  },
  {
    "name": "orig_pst_taxbl_amt5",
    "mode": "NULLABLE",
    "type": "STRING"
  },
  {
    "name": "orig_pst_taxbl_amt6",
    "mode": "NULLABLE",
    "type": "STRING"
  },
  {
    "name": "orig_pst_amt1",
    "mode": "NULLABLE",
    "type": "STRING"
  },
  {
    "name": "orig_pst_amt2",
    "mode": "NULLABLE",
    "type": "STRING"
  },
  {
    "name": "orig_pst_amt3",
    "mode": "NULLABLE",
    "type": "STRING"
  },
  {
    "name": "orig_pst_amt4",
    "mode": "NULLABLE",
    "type": "STRING"
  },
  {
    "name": "orig_pst_amt5",
    "mode": "NULLABLE",
    "type": "STRING"
  },
  {
    "name": "orig_pst_amt6",
    "mode": "NULLABLE",
    "type": "STRING"
  },
  {
    "name": "act_pst_taxbl_amt1",
    "mode": "NULLABLE",
    "type": "STRING"
  },
  {
    "name": "act_pst_taxbl_amt2",
    "mode": "NULLABLE",
    "type": "STRING"
  },
  {
    "name": "act_pst_taxbl_amt3",
    "mode": "NULLABLE",
    "type": "STRING"
  },
  {
    "name": "act_pst_taxbl_amt4",
    "mode": "NULLABLE",
    "type": "STRING"
  },
  {
    "name": "act_pst_taxbl_amt5",
    "mode": "NULLABLE",
    "type": "STRING"
  },
  {
    "name": "act_pst_taxbl_amt6",
    "mode": "NULLABLE",
    "type": "STRING"
  },
  {
    "name": "act_pst_tax_amt1",
    "mode": "NULLABLE",
    "type": "STRING"
  },
  {
    "name": "act_pst_tax_amt2",
    "mode": "NULLABLE",
    "type": "STRING"
  },
  {
    "name": "act_pst_tax_amt3",
    "mode": "NULLABLE",
    "type": "STRING"
  },
  {
    "name": "act_pst_tax_amt4",
    "mode": "NULLABLE",
    "type": "STRING"
  },
  {
    "name": "act_pst_tax_amt5",
    "mode": "NULLABLE",
    "type": "STRING"
  },
  {
    "name": "act_pst_tax_amt6",
    "mode": "NULLABLE",
    "type": "STRING"
  },
  {
    "name": "fu_group_id",
    "mode": "NULLABLE",
    "type": "STRING"
  },
  {
    "name": "act_gst_tax_amt",
    "mode": "NULLABLE",
    "type": "STRING"
  },
  {
    "name": "act_hst_tax_amt",
    "mode": "NULLABLE",
    "type": "STRING"
  },
  {
    "name": "tax_pst_exmp_src1",
    "mode": "NULLABLE",
    "type": "STRING"
  },
  {
    "name": "tax_pst_exmp_src2",
    "mode": "NULLABLE",
    "type": "STRING"
  },
  {
    "name": "tax_pst_exmp_src3",
    "mode": "NULLABLE",
    "type": "STRING"
  },
  {
    "name": "tax_pst_exmp_src4",
    "mode": "NULLABLE",
    "type": "STRING"
  },
  {
    "name": "tax_pst_exmp_src5",
    "mode": "NULLABLE",
    "type": "STRING"
  },
  {
    "name": "tax_pst_exmp_src6",
    "mode": "NULLABLE",
    "type": "STRING"
  },
  {
    "name": "tax_gst_exmp_src",
    "mode": "NULLABLE",
    "type": "STRING"
  },
  {
    "name": "tax_hst_exmp_src",
    "mode": "NULLABLE",
    "type": "STRING"
  },
  {
    "name": "source_ban",
    "mode": "NULLABLE",
    "type": "STRING"
  },
  {
    "name": "source_id",
    "mode": "NULLABLE",
    "type": "STRING"
  },
  {
    "name": "category_code",
    "mode": "NULLABLE",
    "type": "STRING"
  },
  {
    "name": "original_amt",
    "mode": "NULLABLE",
    "type": "STRING"
  },
  {
    "name": "combined_period_cd",
    "mode": "NULLABLE",
    "type": "STRING"
  },
  {
    "name": "cap_ffm",
    "mode": "NULLABLE",
    "type": "STRING"
  },
  {
    "name": "acc_sub_type",
    "mode": "NULLABLE",
    "type": "STRING"
  },
  {
    "name": "fu_late_call_ind",
    "mode": "NULLABLE",
    "type": "STRING"
  },
  {
    "name": "fu_remain_last_cyc",
    "mode": "NULLABLE",
    "type": "STRING"
  },
  {
    "name": "fu_rem_usd_lst_cyc",
    "mode": "NULLABLE",
    "type": "STRING"
  },
  {
    "name": "num_of_sms_in",
    "mode": "NULLABLE",
    "type": "STRING"
  },
  {
    "name": "num_of_sms_out",
    "mode": "NULLABLE",
    "type": "STRING"
  },
  {
    "name": "num_of_event_in",
    "mode": "NULLABLE",
    "type": "STRING"
  },
  {
    "name": "num_of_event_out",
    "mode": "NULLABLE",
    "type": "STRING"
  },
  {
    "name": "free_min_sms_in",
    "mode": "NULLABLE",
    "type": "STRING"
  },
  {
    "name": "free_min_sms_out",
    "mode": "NULLABLE",
    "type": "STRING"
  },
  {
    "name": "free_min_event_in",
    "mode": "NULLABLE",
    "type": "STRING"
  },
  {
    "name": "free_min_event_out",
    "mode": "NULLABLE",
    "type": "STRING"
  },
  {
    "name": "chrg_amt_sms_in",
    "mode": "NULLABLE",
    "type": "STRING"
  },
  {
    "name": "chrg_amt_sms_out",
    "mode": "NULLABLE",
    "type": "STRING"
  },
  {
    "name": "chrg_amt_event_in",
    "mode": "NULLABLE",
    "type": "STRING"
  },
  {
    "name": "chrg_amt_event_out",
    "mode": "NULLABLE",
    "type": "STRING"
  },
  {
    "name": "num_of_unlmt_sms_in",
    "mode": "NULLABLE",
    "type": "STRING"
  },
  {
    "name": "num_of_unlmt_sms_out",
    "mode": "NULLABLE",
    "type": "STRING"
  },
  {
    "name": "num_of_prm_sms_in",
    "mode": "NULLABLE",
    "type": "STRING"
  },
  {
    "name": "num_of_prm_sms_out",
    "mode": "NULLABLE",
    "type": "STRING"
  },
  {
    "name": "free_min_prm_sms_out",
    "mode": "NULLABLE",
    "type": "STRING"
  },
  {
    "name": "free_min_prm_sms_in",
    "mode": "NULLABLE",
    "type": "STRING"
  },
  {
    "name": "chrg_amt_prm_sms_in",
    "mode": "NULLABLE",
    "type": "STRING"
  },
  {
    "name": "chrg_amt_prm_sms_out",
    "mode": "NULLABLE",
    "type": "STRING"
  },
  {
    "name": "num_of_intl_sms_in",
    "mode": "NULLABLE",
    "type": "STRING"
  },
  {
    "name": "num_of_intl_sms_out",
    "mode": "NULLABLE",
    "type": "STRING"
  },
  {
    "name": "free_min_intl_sms_out",
    "mode": "NULLABLE",
    "type": "STRING"
  },
  {
    "name": "free_min_intl_sms_in",
    "mode": "NULLABLE",
    "type": "STRING"
  },
  {
    "name": "chrg_amt_intl_sms_in",
    "mode": "NULLABLE",
    "type": "STRING"
  },
  {
    "name": "chrg_amt_intl_sms_out",
    "mode": "NULLABLE",
    "type": "STRING"
  },
  {
    "name": "first_call_date",
    "mode": "NULLABLE",
    "type": "STRING"
  },
  {
    "name": "cycle_code",
    "mode": "NULLABLE",
    "type": "STRING"
  },
  {
    "name": "cycle_run_year",
    "mode": "NULLABLE",
    "type": "STRING"
  },
  {
    "name": "cycle_run_month",
    "mode": "NULLABLE",
    "type": "STRING"
  },
  {
    "name": "rating_start_time",
    "mode": "NULLABLE",
    "type": "INTEGER"
  },
  {
    "name": "rerate_version",
    "mode": "NULLABLE",
    "type": "INTEGER"
  },
  {
    "name": "_error",
    "mode": "REPEATED",
    "type": "STRING"
  },
  {
    "name": "_metric",
    "mode": "REPEATED",
    "type": "RECORD",
    "fields": [
      {
        "name": "key",
        "mode": "REQUIRED",
        "type": "STRING"
      },
      {
        "name": "value",
        "mode": "REQUIRED",
        "type": "STRING"
      }
    ]
  },
  {
    "name": "month_skey",
    "mode": "REQUIRED",
    "type": "DATE"
  },
  {
    "name": "ingested_on",
    "type": "TIMESTAMP",
    "mode": "REQUIRED"
  }
]