[
  {
    "name": "ban",
    "mode": "NULLABLE",
    "type": "STRING"
  },
  {
    "name": "bill_seq_no",
    "mode": "NULLABLE",
    "type": "STRING"
  },
  {
    "name": "subscriber_no",
    "mode": "NULLABLE",
    "type": "STRING"
  },
  {
    "name": "channel_seizure_dt",
    "mode": "NULLABLE",
    "type": "STRING"
  },
  {
    "name": "message_switch_id",
    "mode": "NULLABLE",
    "type": "STRING"
  },
  {
    "name": "sys_creation_date",
    "mode": "NULLABLE",
    "type": "STRING"
  },
  {
    "name": "sys_update_date",
    "mode": "NULLABLE",
    "type": "STRING"
  },
  {
    "name": "operator_id",
    "mode": "NULLABLE",
    "type": "INTEGER"
  },
  {
    "name": "application_id",
    "mode": "NULLABLE",
    "type": "STRING"
  },
  {
    "name": "dl_service_code",
    "mode": "NULLABLE",
    "type": "STRING"
  },
  {
    "name": "dl_update_stamp",
    "mode": "NULLABLE",
    "type": "INTEGER"
  },
  {
    "name": "product_type",
    "mode": "NULLABLE",
    "type": "STRING"
  },
  {
    "name": "major_product",
    "mode": "NULLABLE",
    "type": "STRING"
  },
  {
    "name": "sub_product",
    "mode": "NULLABLE",
    "type": "STRING"
  },
  {
    "name": "message_type",
    "mode": "NULLABLE",
    "type": "STRING"
  },
  {
    "name": "call_action_code",
    "mode": "NULLABLE",
    "type": "STRING"
  },
  {
    "name": "call_term_code",
    "mode": "NULLABLE",
    "type": "STRING"
  },
  {
    "name": "call_direction_code",
    "mode": "NULLABLE",
    "type": "STRING"
  },
  {
    "name": "unit_esn",
    "mode": "NULLABLE",
    "type": "STRING"
  },
  {
    "name": "orig_cell_trunk_id",
    "mode": "NULLABLE",
    "type": "STRING"
  },
  {
    "name": "term_cell_trunk_id",
    "mode": "NULLABLE",
    "type": "STRING"
  },
  {
    "name": "serve_sid",
    "mode": "NULLABLE",
    "type": "STRING"
  },
  {
    "name": "home_sid",
    "mode": "NULLABLE",
    "type": "STRING"
  },
  {
    "name": "feature_selection_dt",
    "mode": "NULLABLE",
    "type": "STRING"
  },
  {
    "name": "extended_grace_ind",
    "mode": "NULLABLE",
    "type": "STRING"
  },
  {
    "name": "market_code",
    "mode": "NULLABLE",
    "type": "STRING"
  },
  {
    "name": "sub_market_code",
    "mode": "NULLABLE",
    "type": "STRING"
  },
  {
    "name": "special_num_type",
    "mode": "NULLABLE",
    "type": "STRING"
  },
  {
    "name": "special_seq_no",
    "mode": "NULLABLE",
    "type": "STRING"
  },
  {
    "name": "call_to_prefix",
    "mode": "NULLABLE",
    "type": "STRING"
  },
  {
    "name": "call_to_tn",
    "mode": "NULLABLE",
    "type": "STRING"
  },
  {
    "name": "call_to_city_desc",
    "mode": "NULLABLE",
    "type": "STRING"
  },
  {
    "name": "call_to_state_code",
    "mode": "NULLABLE",
    "type": "STRING"
  },
  {
    "name": "price_plan_code",
    "mode": "NULLABLE",
    "type": "STRING"
  },
  {
    "name": "price_plan_eff_date",
    "mode": "NULLABLE",
    "type": "STRING"
  },
  {
    "name": "cycle_code",
    "mode": "NULLABLE",
    "type": "STRING"
  },
  {
    "name": "cycle_run_year",
    "mode": "NULLABLE",
    "type": "STRING"
  },
  {
    "name": "cycle_run_month",
    "mode": "NULLABLE",
    "type": "STRING"
  },
  {
    "name": "air_free_code",
    "mode": "NULLABLE",
    "type": "STRING"
  },
  {
    "name": "at_soc",
    "mode": "NULLABLE",
    "type": "STRING"
  },
  {
    "name": "soc_seq_no",
    "mode": "NULLABLE",
    "type": "STRING"
  },
  {
    "name": "at_soc_date",
    "mode": "NULLABLE",
    "type": "STRING"
  },
  {
    "name": "at_feature_code",
    "mode": "NULLABLE",
    "type": "STRING"
  },
  {
    "name": "service_ftr_seq_no",
    "mode": "NULLABLE",
    "type": "STRING"
  },
  {
    "name": "at_call_dur_sec",
    "mode": "NULLABLE",
    "type": "STRING"
  },
  {
    "name": "at_call_dur_round_min",
    "mode": "NULLABLE",
    "type": "FLOAT"
  },
  {
    "name": "at_call_start_period",
    "mode": "NULLABLE",
    "type": "STRING"
  },
  {
    "name": "at_call_end_period",
    "mode": "NULLABLE",
    "type": "STRING"
  },
  {
    "name": "air_uom_code",
    "mode": "NULLABLE",
    "type": "STRING"
  },
  {
    "name": "at_num_mins_to_rate",
    "mode": "NULLABLE",
    "type": "FLOAT"
  },
  {
    "name": "at_num_of_im",
    "mode": "NULLABLE",
    "type": "STRING"
  },
  {
    "name": "at_num_of_fm",
    "mode": "NULLABLE",
    "type": "FLOAT"
  },
  {
    "name": "free_min_ind",
    "mode": "NULLABLE",
    "type": "STRING"
  },
  {
    "name": "orig_air_occ_charge",
    "mode": "NULLABLE",
    "type": "STRING"
  },
  {
    "name": "orig_air_occ_tax",
    "mode": "NULLABLE",
    "type": "STRING"
  },
  {
    "name": "incollect_rerate_ind",
    "mode": "NULLABLE",
    "type": "STRING"
  },
  {
    "name": "extended_hm_area_ind",
    "mode": "NULLABLE",
    "type": "STRING"
  },
  {
    "name": "at_rate_action_code",
    "mode": "NULLABLE",
    "type": "STRING"
  },
  {
    "name": "at_rate_eff_date",
    "mode": "NULLABLE",
    "type": "STRING"
  },
  {
    "name": "at_rated_ftr_lvl",
    "mode": "NULLABLE",
    "type": "STRING"
  },
  {
    "name": "at_rate",
    "mode": "NULLABLE",
    "type": "FLOAT"
  },
  {
    "name": "at_charge_amt",
    "mode": "NULLABLE",
    "type": "FLOAT"
  },
  {
    "name": "at_charge_amt_incl_im",
    "mode": "NULLABLE",
    "type": "STRING"
  },
  {
    "name": "rm_tax_amt_air",
    "mode": "NULLABLE",
    "type": "STRING"
  },
  {
    "name": "rating_level_code",
    "mode": "NULLABLE",
    "type": "STRING"
  },
  {
    "name": "call_cross_dt_ind",
    "mode": "NULLABLE",
    "type": "STRING"
  },
  {
    "name": "call_cross_prd_ind",
    "mode": "NULLABLE",
    "type": "STRING"
  },
  {
    "name": "call_cross_stp_ind",
    "mode": "NULLABLE",
    "type": "STRING"
  },
  {
    "name": "call_cross_im_ind",
    "mode": "NULLABLE",
    "type": "STRING"
  },
  {
    "name": "rater_at_track",
    "mode": "NULLABLE",
    "type": "STRING"
  },
  {
    "name": "rater_accum_track",
    "mode": "NULLABLE",
    "type": "STRING"
  },
  {
    "name": "roam_soc",
    "mode": "NULLABLE",
    "type": "STRING"
  },
  {
    "name": "roam_soc_eff_dt",
    "mode": "NULLABLE",
    "type": "STRING"
  },
  {
    "name": "roam_soc_rt_eff_dt",
    "mode": "NULLABLE",
    "type": "STRING"
  },
  {
    "name": "toll_free_code",
    "mode": "NULLABLE",
    "type": "STRING"
  },
  {
    "name": "toll_free_service",
    "mode": "NULLABLE",
    "type": "STRING"
  },
  {
    "name": "toll_type",
    "mode": "NULLABLE",
    "type": "STRING"
  },
  {
    "name": "toll_class",
    "mode": "NULLABLE",
    "type": "STRING"
  },
  {
    "name": "toll_dur_sec",
    "mode": "NULLABLE",
    "type": "STRING"
  },
  {
    "name": "toll_dur_round_min",
    "mode": "NULLABLE",
    "type": "STRING"
  },
  {
    "name": "toll_multi_rt_prd_ind",
    "mode": "NULLABLE",
    "type": "STRING"
  },
  {
    "name": "toll_rate_period",
    "mode": "NULLABLE",
    "type": "STRING"
  },
  {
    "name": "orig_uom_code",
    "mode": "NULLABLE",
    "type": "STRING"
  },
  {
    "name": "toll_start_prd",
    "mode": "NULLABLE",
    "type": "STRING"
  },
  {
    "name": "orig_toll_charge",
    "mode": "NULLABLE",
    "type": "STRING"
  },
  {
    "name": "orig_toll_tax",
    "mode": "NULLABLE",
    "type": "STRING"
  },
  {
    "name": "ixc_id",
    "mode": "NULLABLE",
    "type": "STRING"
  },
  {
    "name": "incol_toll_rerate_ind",
    "mode": "NULLABLE",
    "type": "STRING"
  },
  {
    "name": "toll_soc",
    "mode": "NULLABLE",
    "type": "STRING"
  },
  {
    "name": "toll_soc_seq_no",
    "mode": "NULLABLE",
    "type": "STRING"
  },
  {
    "name": "toll_soc_date",
    "mode": "NULLABLE",
    "type": "STRING"
  },
  {
    "name": "toll_feature_code",
    "mode": "NULLABLE",
    "type": "STRING"
  },
  {
    "name": "toll_serv_ftr_seq_no",
    "mode": "NULLABLE",
    "type": "STRING"
  },
  {
    "name": "toll_rate_eff_date",
    "mode": "NULLABLE",
    "type": "STRING"
  },
  {
    "name": "toll_num_of_im",
    "mode": "NULLABLE",
    "type": "STRING"
  },
  {
    "name": "toll_rating_level",
    "mode": "NULLABLE",
    "type": "STRING"
  },
  {
    "name": "toll_rated_ftr_lvl",
    "mode": "NULLABLE",
    "type": "STRING"
  },
  {
    "name": "toll_uom_code",
    "mode": "NULLABLE",
    "type": "STRING"
  },
  {
    "name": "toll_num_mins_to_rate",
    "mode": "NULLABLE",
    "type": "STRING"
  },
  {
    "name": "toll_chrg_amt_incl_im",
    "mode": "NULLABLE",
    "type": "STRING"
  },
  {
    "name": "toll_rater_track",
    "mode": "NULLABLE",
    "type": "STRING"
  },
  {
    "name": "toll_charge_amt",
    "mode": "NULLABLE",
    "type": "STRING"
  },
  {
    "name": "rm_tax_amt_toll",
    "mode": "NULLABLE",
    "type": "STRING"
  },
  {
    "name": "ac_free_code",
    "mode": "NULLABLE",
    "type": "STRING"
  },
  {
    "name": "ac_amt",
    "mode": "NULLABLE",
    "type": "STRING"
  },
  {
    "name": "ac_soc",
    "mode": "NULLABLE",
    "type": "STRING"
  },
  {
    "name": "ac_rate_code",
    "mode": "NULLABLE",
    "type": "STRING"
  },
  {
    "name": "rm_tax_amt_ac",
    "mode": "NULLABLE",
    "type": "STRING"
  },
  {
    "name": "quantity",
    "mode": "NULLABLE",
    "type": "STRING"
  },
  {
    "name": "rerate_type",
    "mode": "NULLABLE",
    "type": "STRING"
  },
  {
    "name": "telco",
    "mode": "NULLABLE",
    "type": "STRING"
  },
  {
    "name": "common_code",
    "mode": "NULLABLE",
    "type": "STRING"
  },
  {
    "name": "usoc",
    "mode": "NULLABLE",
    "type": "STRING"
  },
  {
    "name": "edi_charge_type",
    "mode": "NULLABLE",
    "type": "STRING"
  },
  {
    "name": "call_type_feature",
    "mode": "NULLABLE",
    "type": "STRING"
  },
  {
    "name": "mps_feature_code_1",
    "mode": "NULLABLE",
    "type": "STRING"
  },
  {
    "name": "mps_feature_code_2",
    "mode": "NULLABLE",
    "type": "STRING"
  },
  {
    "name": "mps_feature_code_3",
    "mode": "NULLABLE",
    "type": "STRING"
  },
  {
    "name": "mps_feature_code_4",
    "mode": "NULLABLE",
    "type": "STRING"
  },
  {
    "name": "mps_feature_code_5",
    "mode": "NULLABLE",
    "type": "STRING"
  },
  {
    "name": "mps_feature_code_6",
    "mode": "NULLABLE",
    "type": "STRING"
  },
  {
    "name": "usage_pac_code",
    "mode": "NULLABLE",
    "type": "STRING"
  },
  {
    "name": "rate_group",
    "mode": "NULLABLE",
    "type": "STRING"
  },
  {
    "name": "involved_fees",
    "mode": "NULLABLE",
    "type": "STRING"
  },
  {
    "name": "icc_free_code",
    "mode": "NULLABLE",
    "type": "STRING"
  },
  {
    "name": "call_estbl_free_code",
    "mode": "NULLABLE",
    "type": "STRING"
  },
  {
    "name": "cancel_record_ind",
    "mode": "NULLABLE",
    "type": "STRING"
  },
  {
    "name": "call_adjustment_ind",
    "mode": "NULLABLE",
    "type": "STRING"
  },
  {
    "name": "activity_resolve_cd",
    "mode": "NULLABLE",
    "type": "STRING"
  },
  {
    "name": "bl_rerate_code",
    "mode": "NULLABLE",
    "type": "STRING"
  },
  {
    "name": "bl_rerate_date",
    "mode": "NULLABLE",
    "type": "STRING"
  },
  {
    "name": "bl_prsnt_ftr_cd",
    "mode": "NULLABLE",
    "type": "STRING"
  },
  {
    "name": "bill_presentation_no",
    "mode": "NULLABLE",
    "type": "STRING"
  },
  {
    "name": "tax_presentation_cd",
    "mode": "NULLABLE",
    "type": "STRING"
  },
  {
    "name": "mps_file_number",
    "mode": "NULLABLE",
    "type": "STRING"
  },
  {
    "name": "record_number",
    "mode": "NULLABLE",
    "type": "STRING"
  },
  {
    "name": "incollect_tax_code",
    "mode": "NULLABLE",
    "type": "STRING"
  },
  {
    "name": "home_province",
    "mode": "NULLABLE",
    "type": "STRING"
  },
  {
    "name": "local_tax_ind",
    "mode": "NULLABLE",
    "type": "STRING"
  },
  {
    "name": "to_location_qualifier",
    "mode": "NULLABLE",
    "type": "STRING"
  },
  {
    "name": "from_location_qualifier",
    "mode": "NULLABLE",
    "type": "STRING"
  },
  {
    "name": "call_from_city_desc",
    "mode": "NULLABLE",
    "type": "STRING"
  },
  {
    "name": "call_from_state_code",
    "mode": "NULLABLE",
    "type": "STRING"
  },
  {
    "name": "discount_amt",
    "mode": "NULLABLE",
    "type": "STRING"
  },
  {
    "name": "service_qualifier_1",
    "mode": "NULLABLE",
    "type": "STRING"
  },
  {
    "name": "service_desc_1",
    "mode": "NULLABLE",
    "type": "STRING"
  },
  {
    "name": "service_qualifier_2",
    "mode": "NULLABLE",
    "type": "STRING"
  },
  {
    "name": "service_desc_2",
    "mode": "NULLABLE",
    "type": "STRING"
  },
  {
    "name": "service_qualifier_3",
    "mode": "NULLABLE",
    "type": "STRING"
  },
  {
    "name": "service_desc_3",
    "mode": "NULLABLE",
    "type": "STRING"
  },
  {
    "name": "service_qualifier_4",
    "mode": "NULLABLE",
    "type": "STRING"
  },
  {
    "name": "service_desc_4",
    "mode": "NULLABLE",
    "type": "STRING"
  },
  {
    "name": "service_qualifier_5",
    "mode": "NULLABLE",
    "type": "STRING"
  },
  {
    "name": "service_desc_5",
    "mode": "NULLABLE",
    "type": "STRING"
  },
  {
    "name": "service_qualifier_6",
    "mode": "NULLABLE",
    "type": "STRING"
  },
  {
    "name": "service_desc_6",
    "mode": "NULLABLE",
    "type": "STRING"
  },
  {
    "name": "service_qualifier_7",
    "mode": "NULLABLE",
    "type": "STRING"
  },
  {
    "name": "service_desc_7",
    "mode": "NULLABLE",
    "type": "STRING"
  },
  {
    "name": "service_qualifier_8",
    "mode": "NULLABLE",
    "type": "STRING"
  },
  {
    "name": "service_desc_8",
    "mode": "NULLABLE",
    "type": "STRING"
  },
  {
    "name": "service_qualifier_9",
    "mode": "NULLABLE",
    "type": "STRING"
  },
  {
    "name": "service_desc_9",
    "mode": "NULLABLE",
    "type": "STRING"
  },
  {
    "name": "service_qualifier_10",
    "mode": "NULLABLE",
    "type": "STRING"
  },
  {
    "name": "service_desc_10",
    "mode": "NULLABLE",
    "type": "STRING"
  },
  {
    "name": "discount_percent",
    "mode": "NULLABLE",
    "type": "STRING"
  },
  {
    "name": "measurement_code",
    "mode": "NULLABLE",
    "type": "STRING"
  },
  {
    "name": "num_of_measur_cd",
    "mode": "NULLABLE",
    "type": "FLOAT"
  },
  {
    "name": "range_min",
    "mode": "NULLABLE",
    "type": "STRING"
  },
  {
    "name": "range_max",
    "mode": "NULLABLE",
    "type": "STRING"
  },
  {
    "name": "completed_peak_calls",
    "mode": "NULLABLE",
    "type": "STRING"
  },
  {
    "name": "incompleted_peak_calls",
    "mode": "NULLABLE",
    "type": "STRING"
  },
  {
    "name": "rate_per_unit",
    "mode": "NULLABLE",
    "type": "STRING"
  },
  {
    "name": "btn",
    "mode": "NULLABLE",
    "type": "STRING"
  },
  {
    "name": "corporate_id",
    "mode": "NULLABLE",
    "type": "STRING"
  },
  {
    "name": "bpn",
    "mode": "NULLABLE",
    "type": "STRING"
  },
  {
    "name": "business_id",
    "mode": "NULLABLE",
    "type": "STRING"
  },
  {
    "name": "original_amt",
    "mode": "NULLABLE",
    "type": "STRING"
  },
  {
    "name": "call_sub_type",
    "mode": "NULLABLE",
    "type": "STRING"
  },
  {
    "name": "call_from_tn",
    "mode": "NULLABLE",
    "type": "STRING"
  },
  {
    "name": "fu_group_id",
    "mode": "NULLABLE",
    "type": "STRING"
  },
  {
    "name": "post_bill_ind",
    "mode": "NULLABLE",
    "type": "STRING"
  },
  {
    "name": "settlement_ind",
    "mode": "NULLABLE",
    "type": "STRING"
  },
  {
    "name": "guide_by",
    "mode": "NULLABLE",
    "type": "STRING"
  },
  {
    "name": "service_integrator",
    "mode": "NULLABLE",
    "type": "STRING"
  },
  {
    "name": "logical_file_id",
    "mode": "NULLABLE",
    "type": "STRING"
  },
  {
    "name": "physical_file_id",
    "mode": "NULLABLE",
    "type": "STRING"
  },
  {
    "name": "tax_gst_amt",
    "mode": "NULLABLE",
    "type": "STRING"
  },
  {
    "name": "tax_hst_amt",
    "mode": "NULLABLE",
    "type": "STRING"
  },
  {
    "name": "tax_pst_amt",
    "mode": "NULLABLE",
    "type": "STRING"
  },
  {
    "name": "taxbl_gst_amt",
    "mode": "NULLABLE",
    "type": "STRING"
  },
  {
    "name": "taxbl_hst_amt",
    "mode": "NULLABLE",
    "type": "STRING"
  },
  {
    "name": "taxbl_pst_amt",
    "mode": "NULLABLE",
    "type": "STRING"
  },
  {
    "name": "tax_gst_exmp_src",
    "mode": "NULLABLE",
    "type": "STRING"
  },
  {
    "name": "tax_hst_exmp_src",
    "mode": "NULLABLE",
    "type": "STRING"
  },
  {
    "name": "tax_pst_exmp_src",
    "mode": "NULLABLE",
    "type": "STRING"
  },
  {
    "name": "tax_province",
    "mode": "NULLABLE",
    "type": "STRING"
  },
  {
    "name": "source_ban",
    "mode": "NULLABLE",
    "type": "STRING"
  },
  {
    "name": "external_id_type",
    "mode": "NULLABLE",
    "type": "STRING"
  },
  {
    "name": "source_id",
    "mode": "NULLABLE",
    "type": "STRING"
  },
  {
    "name": "category_code",
    "mode": "NULLABLE",
    "type": "STRING"
  },
  {
    "name": "restrict_call_ind",
    "mode": "NULLABLE",
    "type": "STRING"
  },
  {
    "name": "call_type",
    "mode": "NULLABLE",
    "type": "STRING"
  },
  {
    "name": "source_code",
    "mode": "NULLABLE",
    "type": "STRING"
  },
  {
    "name": "orig_process_date",
    "mode": "NULLABLE",
    "type": "STRING"
  },
  {
    "name": "error_counter",
    "mode": "NULLABLE",
    "type": "STRING"
  },
  {
    "name": "at_num_of_first_fm",
    "mode": "NULLABLE",
    "type": "STRING"
  },
  {
    "name": "business_id_type",
    "mode": "NULLABLE",
    "type": "STRING"
  },
  {
    "name": "toll_from_npa",
    "mode": "NULLABLE",
    "type": "STRING"
  },
  {
    "name": "toll_from_nxx",
    "mode": "NULLABLE",
    "type": "STRING"
  },
  {
    "name": "customer_external_id",
    "mode": "NULLABLE",
    "type": "STRING"
  },
  {
    "name": "feed_id",
    "mode": "NULLABLE",
    "type": "STRING"
  },
  {
    "name": "call_type_group",
    "mode": "NULLABLE",
    "type": "STRING"
  },
  {
    "name": "rounding_factor",
    "mode": "NULLABLE",
    "type": "STRING"
  },
  {
    "name": "message_class",
    "mode": "NULLABLE",
    "type": "STRING"
  },
  {
    "name": "message_handling",
    "mode": "NULLABLE",
    "type": "STRING"
  },
  {
    "name": "esb_msg_type",
    "mode": "NULLABLE",
    "type": "STRING"
  },
  {
    "name": "esb_call_type",
    "mode": "NULLABLE",
    "type": "STRING"
  },
  {
    "name": "foreign_settl",
    "mode": "NULLABLE",
    "type": "STRING"
  },
  {
    "name": "standard_settl",
    "mode": "NULLABLE",
    "type": "STRING"
  },
  {
    "name": "curr_rate",
    "mode": "NULLABLE",
    "type": "STRING"
  },
  {
    "name": "library_code",
    "mode": "NULLABLE",
    "type": "STRING"
  },
  {
    "name": "serial_number",
    "mode": "NULLABLE",
    "type": "STRING"
  },
  {
    "name": "misc_code_1",
    "mode": "NULLABLE",
    "type": "STRING"
  },
  {
    "name": "misc_code_2",
    "mode": "NULLABLE",
    "type": "STRING"
  },
  {
    "name": "misc_code_3",
    "mode": "NULLABLE",
    "type": "STRING"
  },
  {
    "name": "actual_dur",
    "mode": "NULLABLE",
    "type": "STRING"
  },
  {
    "name": "uom_act_dur",
    "mode": "NULLABLE",
    "type": "STRING"
  },
  {
    "name": "orig_curr_code",
    "mode": "NULLABLE",
    "type": "STRING"
  },
  {
    "name": "bill_msid",
    "mode": "NULLABLE",
    "type": "STRING"
  },
  {
    "name": "oparty_msid",
    "mode": "NULLABLE",
    "type": "STRING"
  },
  {
    "name": "bill_ported_ind",
    "mode": "NULLABLE",
    "type": "STRING"
  },
  {
    "name": "oparty_ported_ind",
    "mode": "NULLABLE",
    "type": "STRING"
  },
  {
    "name": "lrn",
    "mode": "NULLABLE",
    "type": "STRING"
  },
  {
    "name": "imsi",
    "mode": "NULLABLE",
    "type": "STRING"
  },
  {
    "name": "home_plmn",
    "mode": "NULLABLE",
    "type": "STRING"
  },
  {
    "name": "serve_plmn",
    "mode": "NULLABLE",
    "type": "STRING"
  },
  {
    "name": "network_type",
    "mode": "NULLABLE",
    "type": "STRING"
  },
  {
    "name": "toll_rate_act_cd",
    "mode": "NULLABLE",
    "type": "STRING"
  },
  {
    "name": "at_unlmt_ind",
    "mode": "NULLABLE",
    "type": "STRING"
  },
  {
    "name": "rerate_version",
    "mode": "NULLABLE",
    "type": "INTEGER"
  },
  {
    "name": "_error",
    "mode": "REPEATED",
    "type": "STRING"
  },
  {
    "name": "_metric",
    "mode": "REPEATED",
    "type": "RECORD",
    "fields": [
      {
        "name": "key",
        "mode": "REQUIRED",
        "type": "STRING"
      },
      {
        "name": "value",
        "mode": "REQUIRED",
        "type": "STRING"
      }
    ]
  },
  {
    "name": "month_skey",
    "mode": "REQUIRED",
    "type": "DATE"
  },
  {
    "name": "ingested_on",
    "type": "TIMESTAMP",
    "mode": "REQUIRED"
  }
]