[
  {
    "name": "totalVolume",
    "mode": "NULLABLE",
    "type": "STRING"
  },
  {
    "name": "recordSequenceNumber",
    "mode": "NULLABLE",
    "type": "STRING"
  },
  {
    "name": "featureCode",
    "mode": "NULLABLE",
    "type": "STRING"
  },
  {
    "name": "servingNodeIp",
    "mode": "NULLABLE",
    "type": "STRING"
  },
  {
    "name": "errorCode",
    "mode": "NULLABLE",
    "type": "STRING"
  },
  {
    "name": "socId",
    "mode": "NULLABLE",
    "type": "STRING"
  },
  {
    "name": "servingNodePlmn",
    "mode": "NULLABLE",
    "type": "STRING"
  },
  {
    "name": "roamingZone",
    "mode": "NULLABLE",
    "type": "STRING"
  },
  {
    "name": "mccmnc",
    "mode": "NULLABLE",
    "type": "STRING"
  },
  {
    "name": "firstMonthIndicator",
    "mode": "NULLABLE",
    "type": "INTEGER"
  },
  {
    "name": "nfFqdn",
    "mode": "NULLABLE",
    "type": "STRING"
  },
  {
    "name": "subscriberType",
    "mode": "NULLABLE",
    "type": "INTEGER"
  },
  {
    "name": "chargingId",
    "mode": "NULLABLE",
    "type": "STRING"
  },
  {
    "name": "locationNcgi",
    "mode": "NULLABLE",
    "type": "STRING"
  },
  {
    "name": "payZoneFilter",
    "mode": "NULLABLE",
    "type": "STRING"
  },
  {
    "name": "ratingGroup",
    "mode": "NULLABLE",
    "type": "INTEGER"
  },
  {
    "name": "mdn",
    "mode": "NULLABLE",
    "type": "STRING"
  },
  {
    "name": "ratTypeString",
    "mode": "NULLABLE",
    "type": "STRING"
  },
  {
    "name": "sliceServiceDifferentiator",
    "mode": "NULLABLE",
    "type": "STRING"
  },
  {
    "name": "locationTac",
    "mode": "NULLABLE",
    "type": "STRING"
  },
  {
    "name": "imsi",
    "mode": "NULLABLE",
    "type": "STRING"
  },
  {
    "name": "ingested_on_lnd",
    "mode": "NULLABLE",
    "type": "STRING"
  },
  {
    "name": "nfIp",
    "mode": "NULLABLE",
    "type": "STRING"
  },
  {
    "name": "latestRetryTime",
    "mode": "NULLABLE",
    "type": "STRING"
  },
  {
    "name": "duration",
    "mode": "NULLABLE",
    "type": "INTEGER"
  },
  {
    "name": "nfPlmnId",
    "mode": "NULLABLE",
    "type": "STRING"
  },
  {
    "name": "xCorrelationId",
    "mode": "NULLABLE",
    "type": "STRING"
  },
  {
    "name": "startTime",
    "mode": "NULLABLE",
    "type": "STRING"
  },
  {
    "name": "payZoneInd",
    "mode": "NULLABLE",
    "type": "STRING"
  },
  {
    "name": "usageType",
    "mode": "NULLABLE",
    "type": "STRING"
  },
  {
    "name": "bytesOut",
    "mode": "NULLABLE",
    "type": "INTEGER"
  },
  {
    "name": "bytesIn",
    "mode": "NULLABLE",
    "type": "INTEGER"
  },
  {
    "name": "timestamp",
    "mode": "NULLABLE",
    "type": "STRING"
  },
  {
    "name": "sliceId",
    "mode": "NULLABLE",
    "type": "STRING"
  },
  {
    "name": "networkTriggerType",
    "mode": "NULLABLE",
    "type": "STRING"
  },
  {
    "name": "payZone",
    "mode": "NULLABLE",
    "type": "STRING"
  },
  {
    "name": "errorMessage",
    "mode": "NULLABLE",
    "type": "STRING"
  },
  {
    "name": "userIpV6",
    "mode": "NULLABLE",
    "type": "STRING"
  },
  {
    "name": "locationUeTimeZone",
    "mode": "NULLABLE",
    "type": "STRING"
  },
  {
    "name": "recordOpeningTime",
    "mode": "NULLABLE",
    "type": "STRING"
  },
  {
    "name": "sessionId",
    "mode": "NULLABLE",
    "type": "STRING"
  },
  {
    "name": "roamingIndicator",
    "mode": "NULLABLE",
    "type": "STRING"
  },
  {
    "name": "transactionType",
    "mode": "NULLABLE",
    "type": "STRING"
  },
  {
    "name": "retryCountTotal",
    "mode": "NULLABLE",
    "type": "INTEGER"
  },
  {
    "name": "ratTypeNumber",
    "mode": "NULLABLE",
    "type": "STRING"
  },
  {
    "name": "userIp",
    "mode": "NULLABLE",
    "type": "STRING"
  },
  {
    "name": "imei",
    "mode": "NULLABLE",
    "type": "STRING"
  },
  {
    "name": "endTime",
    "mode": "NULLABLE",
    "type": "STRING"
  },
  {
    "name": "qosId",
    "mode": "NULLABLE",
    "type": "STRING"
  },
  {
    "name": "qos5qi",
    "mode": "NULLABLE",
    "type": "STRING"
  },
  {
    "name": "startUDR",
    "mode": "NULLABLE",
    "type": "STRING"
  },
  {
    "name": "APN",
    "mode": "NULLABLE",
    "type": "STRING"
  },
  {
    "name": "partition_col_lnd",
    "mode": "NULLABLE",
    "type": "DATE"
  },
  {
    "name": "dt_skey",
    "mode": "NULLABLE",
    "type": "DATE"
  },
  {
    "name": "hex_delta",
    "mode": "NULLABLE",
    "type": "STRING"
  },
  {
    "name": "ingested_on",
    "mode": "NULLABLE",
    "type": "TIMESTAMP"
  }
]