{
  "$schema": "https://docs.renovatebot.com/renovate-schema.json",
  "extends": [
    "config:recommended"
  ],
  "packageRules": [
    {
      "matchManagers": [
        "gitlabci",
        "terraform",
        "terragrunt"
      ],
      "commitMessageTopic": "{{depName}}",
      "groupName": "gitlabci"
    },
    {
      "matchManagers": [
        "pip_requirements"
      ],
      "commitMessageTopic": "{{depName}}",
      "groupName": "pip_requirements"
    },
    {
      "matchManagers": [
        "poetry"
      ],
      "commitMessageTopic": "{{depName}}",
      "groupName": "  poetry"
    },
    {
      "matchManagers": [
        "dockerfile"
      ],
      "commitMessageTopic": "{{depName}}",
      "groupName": "dockerfile"
    }
  ],
  "gitlabci": {
    "fileMatch": [
      "\\.gitlab-ci\\.ya?ml$",
      "\\.devcontainer/devcontainer\\.json$"
    ]
  },
  "prHourlyLimit": 1
}
