{
  "displayName": "Composer Google Cloud Alert - SingleRater",
  "documentation": {
    "content": "The following alarm indicates an issue with Composer DAG runs. Check Alert and Alert description for more details.",
    "mimeType": "text/markdown"
  },
  "userLabels": {},
  "conditions": [
    {
      "displayName": "[${tf_env}] LND to EXPL DAG Run Failed Twice Consecutively",
      "conditionThreshold": {
        "aggregations": [
          {
            "alignmentPeriod": "2400s",
            "perSeriesAligner": "ALIGN_SUM"
          }
        ],
        "comparison": "COMPARISON_GT",
        "duration": "0s",
        "filter": "resource.type = \"cloud_composer_workflow\" AND resource.labels.workflow_name = has_substring(\"${tf_domain}-${tf_env}-northamerica-northeast1-${tf_use_case}-lnd-to-expl\") AND metric.type = \"composer.googleapis.com/workflow/run_count\" AND metric.labels.state = \"failed\"",
        "thresholdValue": 1.99,
        "trigger": {
          "count": 1
        }
      }
    },
    {
      "displayName": "[${tf_env}] EXPL to ESD DAG Run Failed",
      "conditionThreshold": {
        "aggregations": [
          {
            "alignmentPeriod": "5400s",
            "perSeriesAligner": "ALIGN_SUM"
          }
        ],
        "comparison": "COMPARISON_GT",
        "duration": "0s",
        "filter": "resource.type = \"cloud_composer_workflow\" AND resource.labels.workflow_name = has_substring(\"${tf_domain}-${tf_env}-northamerica-northeast1-${tf_use_case}-expl-to-esd\") AND metric.type = \"composer.googleapis.com/workflow/run_count\" AND metric.labels.state = \"failed\"",
        "thresholdValue": 0.99,
        "trigger": {
          "count": 1
        }
      }
    }
  ],
  "alertStrategy": {
    "autoClose": "604800s"
  },
  "combiner": "OR",
  "enabled": true,
  "notificationChannels": [],
  "severity": "ERROR"
}