{
    "displayName": "Dataflow Google Cloud Alert - SingleRater",
    "documentation": {
      "content": "The following alarm indicates an issue with Dataflow jobs. Check Alert and Alert description for more details.",
      "mimeType": "text/markdown"
    },
    "userLabels": {},
    "conditions": [
      {
        "displayName": "[${tf_env}] Dataflow Job - Failed",
        "descriptor": "This alarm notifies if a dataflow job has failed. The metric is sampled every 5 mins",
        "conditionThreshold": {
          "filter": "resource.type = \"dataflow_job\" AND metric.type = \"dataflow.googleapis.com/job/is_failed\"",
          "aggregations": [
            {
              "alignmentPeriod": "300s",
              "crossSeriesReducer": "REDUCE_NONE",
              "perSeriesAligner": "ALIGN_MAX"
            }
          ],
          "comparison": "COMPARISON_GT",
          "duration": "60s",
          "trigger": {
            "count": 1
          },
          "evaluationMissingData": "EVALUATION_MISSING_DATA_ACTIVE"
        }
      },
      {
        "displayName": "[${tf_env}] Dataflow Job - Active Worker Instances High for Extended Amount of Time",
        "descriptor": "Triggers when Dataflow job has high active worker instances for a certain period of time; Indicate a risk of workers not scaling down issue",
        "conditionThreshold": {
          "filter": "resource.type = \"dataflow_job\" AND metric.type = \"dataflow.googleapis.com/job/active_worker_instances\"",
          "aggregations": [
            {
              "alignmentPeriod": "3600s",
              "crossSeriesReducer": "REDUCE_SUM",
              "groupByFields": [
                "resource.label.job_name"
              ],
              "perSeriesAligner": "ALIGN_MEAN"
            }
          ],
          "comparison": "COMPARISON_GT",
          "duration": "600s",
          "trigger": {
            "count": 1
          },
          "evaluationMissingData": "EVALUATION_MISSING_DATA_NO_OP",
          "thresholdValue": 30
        }
      },
      {
        "displayName": "[${tf_env}] Dataflow Job - Storage bytes written low",
        "descriptor": "This alarm indicated that dataflow job is outputting a low amount of bytes, threshold is in bytes",
        "conditionThreshold": {
          "filter": "resource.type = \"dataflow_job\" AND resource.labels.project_id = \"prj-gcp-edp-${tf_env}-charging-01\" AND metric.type = \"dataflow.googleapis.com/job/streaming_engine/persistent_state/write_bytes_count\"",
          "aggregations": [
            {
              "alignmentPeriod": "600s",
              "crossSeriesReducer": "REDUCE_SUM",
              "groupByFields": [
                "resource.label.job_name"
              ],
              "perSeriesAligner": "ALIGN_SUM"
            }
          ],
          "comparison": "COMPARISON_LT",
          "duration": "60s",
          "trigger": {
            "count": 1
          },
          "evaluationMissingData": "EVALUATION_MISSING_DATA_NO_OP",
          "thresholdValue": 1000
        }
      }
    ],
    "alertStrategy": {
      "autoClose": "604800s"
    },
    "combiner": "OR",
    "enabled": true,
    "notificationChannels": [],
    "severity": "ERROR"
}