<!-- Insert following snippet into your pom.xml per package-->
<!-- Please note the "distributionManagement" and "repositories" block are repo specific, run the command found on your specific repo to generate the settings -->
<!-- This sample config is generated using the command found on https://console.cloud.google.com/artifacts/maven/prj-netw-npe-npda-common-01/northamerica-northeast1/art-datapltf-prod-nane1-maven-01?project=prj-netw-npe-npda-common-01 by clicking on the "SETUP INSTRUCTIONS" button at the top of the screen:

gcloud artifacts print-settings mvn --project=prj-netw-npe-npda-common-01 --repository=art-datapltf-prod-nane1-maven-01 --location=northamerica-northeast1
-->
<project>
  <distributionManagement>
    <snapshotRepository>
      <id>artifact-registry-maven-snapshot</id>
      <url>artifactregistry://northamerica-northeast1-maven.pkg.dev/prj-netw-npe-npda-common-01/art-datapltf-prod-nane1-maven-snapshot-01</url>
    </snapshotRepository>
    <repository>
      <id>artifact-registry-maven-release</id>
      <url>artifactregistry://northamerica-northeast1-maven.pkg.dev/prj-netw-npe-npda-common-01/art-datapltf-prod-nane1-maven-release-01</url>
    </repository>
  </distributionManagement>

  <repositories>
    <repository>
      <id>artifact-registry-maven-release</id>
      <url>artifactregistry://northamerica-northeast1-maven.pkg.dev/prj-netw-npe-npda-common-01/art-datapltf-prod-nane1-maven-release-01</url>
      <releases>
        <enabled>true</enabled>
      </releases>
      <snapshots>
        <enabled>false</enabled>
      </snapshots>
    </repository>
    <repository>
      <id>artifact-registry-maven-snapshot</id>
      <url>artifactregistry://northamerica-northeast1-maven.pkg.dev/prj-netw-npe-npda-common-01/art-datapltf-prod-nane1-maven-snapshot-01</url>
      <releases>
        <enabled>false</enabled>
      </releases>
      <snapshots>
        <enabled>true</enabled>
      </snapshots>
    </repository>    
  </repositories>

  <build>
    <extensions>
      <extension>
        <groupId>com.google.cloud.artifactregistry</groupId>
        <artifactId>artifactregistry-maven-wagon</artifactId>
        <version>2.1.0</version>
      </extension>
    </extensions>
  </build>
</project>
