[
	{
		"description": "",
		"mode": "NULLABLE",
		"name": "mac_id",
		"type": "STRING" 
	},
 	{
		"description": "",
		"mode": "NULLABLE",
		"name": "deviceguid",
		"type": "STRING" 
	},
 	{
		"description": "",
		"mode": "NULLABLE",
		"name": "accountid",
		"type": "STRING" 
	},
 	{
		"description": "",
		"mode": "NULLABLE",
		"name": "model",
		"type": "STRING" 
	},
 	{
		"description": "",
		"mode": "NULLABLE",
		"name": "dateprovisioned",
		"type": "STRING" 
	},
 	{
		"description": "",
		"mode": "NULLABLE",
		"name": "dateadded",
		"type": "STRING"
	},
	{
		"description": "",
		"mode": "NULLABLE",
		"name": "branch_id",
		"type": "STRING"
	},
	{
		"description": "",
		"mode": "NULLABLE",
		"name": "reqmanifestversion",
		"type": "STRING"
	},
	{
		"description": "",
		"mode": "NULLABLE",
		"name": "requestmanifestdeploydate",
		"type": "STRING"
	},
	{
		"description": "",
		"mode": "NULLABLE",
		"name": "curmanifestversion",
		"type": "STRING"
	},
	{
		"description": "",
		"mode": "NULLABLE",
		"name": "curmanifestdownloaddate",
		"type": "STRING"
	},
	{
		"description": "",
		"mode": "NULLABLE",
		"name": "friendlyName",
		"type": "STRING"
	},
	{
		"description": "",
		"mode": "NULLABLE",
		"name": "serialnumber",
		"type": "STRING"
	},
	{
		"description": "",
		"mode": "NULLABLE",
		"name": "ServiceGroup",
		"type": "INT64"
	},
	{
		"description": "",
		"mode": "NULLABLE",
		"name": "Manufacturer",
		"type": "STRING"
	},
	{
		"description": "",
		"mode": "NULLABLE",
		"name": "CustomerGroup",
		"type": "STRING"
	},
	{
		"description": "",
		"mode": "NULLABLE",
		"name": "SecondaryMac",
		"type": "STRING"
	}
]
