[
	{
		"description": "",
		"mode": "NULLABLE",
		"name": "ID",
		"type": "STRING" 
	},
 	{
		"description": "",
		"mode": "NULLABLE",
		"name": "branch",
		"type": "INT64" 
	},
 	{
		"description": "",
		"mode": "NULLABLE",
		"name": "CustomerGroup",
		"type": "INT64" 
	},
 	{
		"description": "",
		"mode": "NULLABLE",
		"name": "StartAuditDate",
		"type": "STRING" 
	},
 	{
		"description": "",
		"mode": "NULLABLE",
		"name": "EndAuditDate",
		"type": "STRING" 
	},
 	{
		"description": "",
		"mode": "NULLABLE",
		"name": "ChannelMapRevisionId",
		"type": "STRING"
	},
	{
		"description": "",
		"mode": "NULLABLE",
		"name": "CustomerTypeId",
		"type": "INT64"
	},
	{
		"description": "",
		"mode": "NULLABLE",
		"name": "UpgradeGroup",
		"type": "STRING"
	},
	{
		"description": "",
		"mode": "NULLABLE",
		"name": "ServiceGroup",
		"type": "INT64"
	},
	{
		"description": "",
		"mode": "NULLABLE",
		"name": "BandwidthProfileId",
		"type": "STRING"
	},
	{
		"description": "",
		"mode": "NULLABLE",
		"name": "ChannelMap",
		"type": "STRING"
	},
	{
		"description": "",
		"mode": "NULLABLE",
		"name": "ChannelMapUpdateDate",
		"type": "STRING"
	}
]
